,team_short_display_name,team_uid,team_alternate_color,team_color,team_display_name,team_name,team_logo,team_location,team_id,team_abbreviation,team_slug,field_goals_made_field_goals_attempted,field_goal_pct,three_point_field_goals_made_three_point_field_goals_attempted,three_point_field_goal_pct,free_throws_made_free_throws_attempted,free_throw_pct,total_rebounds,offensive_rebounds,defensive_rebounds,team_rebounds,assists,steals,blocks,turnovers,team_turnovers,total_turnovers,technical_fouls,total_technical_fouls,flagrant_fouls,fouls,largest_lead,home_away,opponent_id,opponent_name,opponent_mascot,opponent_abbrev,game_id,season,season_type,game_date
8,Kansas,s:40~l:41~t:2305,e8000d,0022B4,Kansas Jayhawks,Jayhawks,https://a.espncdn.com/i/teamlogos/ncaa/500/2305.png,Kansas,2305,KU,kansas-jayhawks,24-67,35.8,7-23,30.4,9-12,75.0,36,15,21,0,15,10,3,9,1,9,0,0,0,13,16.0,HOME,66,Iowa State,Cyclones,ISU,401252511,2021,2,2021-02-13
313,North Carolina,s:40~l:41~t:153,13294b,99bfe5,North Carolina Tar Heels,Tar Heels,https://a.espncdn.com/i/teamlogos/ncaa/500/153.png,North Carolina,153,UNC,north-carolina-tar-heels,28-71,39.4,4-18,22.2,19-24,79.2,49,17,32,0,12,10,9,9,0,9,0,0,0,16,21.0,AWAY,232,Charleston,Cougars,COFC,401252794,2021,2,2020-11-25
855,Gonzaga,s:40~l:41~t:2250,cfd4d8,002967,Gonzaga Bulldogs,Bulldogs,https://a.espncdn.com/i/teamlogos/ncaa/500/2250.png,Gonzaga,2250,GONZ,gonzaga-bulldogs,30-57,52.6,5-15,33.3,20-26,76.9,40,10,30,0,15,4,4,15,0,15,1,1,0,13,29.0,AWAY,2539,San Francisco,Dons,SF,401253710,2021,2,2021-01-03
856,Gonzaga,s:40~l:41~t:2250,cfd4d8,002967,Gonzaga Bulldogs,Bulldogs,https://a.espncdn.com/i/teamlogos/ncaa/500/2250.png,Gonzaga,2250,GONZ,gonzaga-bulldogs,44-70,62.9,4-17,23.5,24-29,82.8,42,14,28,0,29,5,5,8,0,8,0,0,0,16,35.0,HOME,2501,Portland,Pilots,PORT,401253719,2021,2,2021-01-10
861,Gonzaga,s:40~l:41~t:2250,cfd4d8,002967,Gonzaga Bulldogs,Bulldogs,https://a.espncdn.com/i/teamlogos/ncaa/500/2250.png,Gonzaga,2250,GONZ,gonzaga-bulldogs,34-64,53.1,9-23,39.1,18-27,66.7,47,15,32,0,18,11,1,18,1,18,0,0,0,21,26.0,AWAY,2492,Pepperdine,Waves,PEPP,401253723,2021,2,2021-01-15
872,Gonzaga,s:40~l:41~t:2250,cfd4d8,002967,Gonzaga Bulldogs,Bulldogs,https://a.espncdn.com/i/teamlogos/ncaa/500/2250.png,Gonzaga,2250,GONZ,gonzaga-bulldogs,28-52,53.8,4-11,36.4,13-15,86.7,29,3,26,0,6,6,5,11,1,11,0,0,0,14,18.0,HOME,2608,Saint Mary's,Gaels,SMC,401253731,2021,2,2021-01-17
883,Gonzaga,s:40~l:41~t:2250,cfd4d8,002967,Gonzaga Bulldogs,Bulldogs,https://a.espncdn.com/i/teamlogos/ncaa/500/2250.png,Gonzaga,2250,GONZ,gonzaga-bulldogs,31-63,49.2,12-26,46.2,21-27,77.8,50,12,38,0,19,6,4,11,0,11,0,0,0,18,50.0,AWAY,279,Pacific,Tigers,PAC,401253738,2021,2,2021-01-24
890,Gonzaga,s:40~l:41~t:2250,cfd4d8,002967,Gonzaga Bulldogs,Bulldogs,https://a.espncdn.com/i/teamlogos/ncaa/500/2250.png,Gonzaga,2250,GONZ,gonzaga-bulldogs,34-59,57.6,8-19,42.1,14-21,66.7,38,8,30,0,23,11,3,13,0,13,0,0,0,13,28.0,HOME,301,San Diego,Toreros,USD,401253742,2021,2,2021-01-29
894,Gonzaga,s:40~l:41~t:2250,cfd4d8,002967,Gonzaga Bulldogs,Bulldogs,https://a.espncdn.com/i/teamlogos/ncaa/500/2250.png,Gonzaga,2250,GONZ,gonzaga-bulldogs,37-62,59.7,9-27,33.3,14-17,82.4,35,5,30,0,21,9,3,14,0,14,0,0,0,22,32.0,HOME,2492,Pepperdine,Waves,PEPP,401253748,2021,2,2021-01-31
904,Gonzaga,s:40~l:41~t:2250,cfd4d8,002967,Gonzaga Bulldogs,Bulldogs,https://a.espncdn.com/i/teamlogos/ncaa/500/2250.png,Gonzaga,2250,GONZ,gonzaga-bulldogs,36-59,61.0,10-21,47.6,18-21,85.7,35,7,28,0,19,10,6,11,0,11,0,0,0,16,41.0,HOME,2539,San Francisco,Dons,SF,401253766,2021,2,2021-02-13
907,Gonzaga,s:40~l:41~t:2250,cfd4d8,002967,Gonzaga Bulldogs,Bulldogs,https://a.espncdn.com/i/teamlogos/ncaa/500/2250.png,Gonzaga,2250,GONZ,gonzaga-bulldogs,33-54,61.1,8-14,57.1,13-17,76.5,26,5,21,0,16,6,4,15,0,15,0,0,0,14,38.0,AWAY,2608,Saint Mary's,Gaels,SMC,401253768,2021,2,2021-02-19
917,Gonzaga,s:40~l:41~t:2250,cfd4d8,002967,Gonzaga Bulldogs,Bulldogs,https://a.espncdn.com/i/teamlogos/ncaa/500/2250.png,Gonzaga,2250,GONZ,gonzaga-bulldogs,40-72,55.6,5-19,26.3,21-25,84.0,47,15,32,0,10,14,3,14,0,14,0,0,0,17,44.0,AWAY,301,San Diego,Toreros,USD,401253773,2021,2,2021-02-21
936,Kansas,s:40~l:41~t:2305,e8000d,0022B4,Kansas Jayhawks,Jayhawks,https://a.espncdn.com/i/teamlogos/ncaa/500/2305.png,Kansas,2305,KU,kansas-jayhawks,19-47,40.4,6-18,33.3,14-15,93.3,40,6,34,0,13,3,3,16,1,16,0,0,0,22,8.0,HOME,2641,Texas Tech,Red Raiders,TTU,401253834,2021,2,2020-12-18
937,Texas Tech,s:40~l:41~t:2641,231f20,C80025,Texas Tech Red Raiders,Red Raiders,https://a.espncdn.com/i/teamlogos/ncaa/500/2641.png,Texas Tech,2641,TTU,texas-tech-red-raiders,20-62,32.3,6-23,26.1,11-18,61.1,35,13,22,0,8,5,3,7,0,7,0,0,0,14,7.0,AWAY,2305,Kansas,Jayhawks,KU,401253834,2021,2,2020-12-18
940,Baylor,s:40~l:41~t:239,ffb81c,004834,Baylor Bears,Bears,https://a.espncdn.com/i/teamlogos/ncaa/500/239.png,Baylor,239,BAY,baylor-bears,37-64,57.8,15-32,46.9,11-18,61.1,41,16,25,0,24,9,1,12,0,12,0,0,0,14,32.0,HOME,2306,Kansas State,Wildcats,KSU,401253836,2021,2,2020-12-19
945,Kansas,s:40~l:41~t:2305,e8000d,0022B4,Kansas Jayhawks,Jayhawks,https://a.espncdn.com/i/teamlogos/ncaa/500/2305.png,Kansas,2305,KU,kansas-jayhawks,28-63,44.4,16-37,43.2,7-10,70.0,40,19,21,0,19,4,5,11,0,11,0,0,0,17,22.0,AWAY,277,West Virginia,Mountaineers,WVU,401253838,2021,2,2020-12-23
946,Texas Tech,s:40~l:41~t:2641,231f20,C80025,Texas Tech Red Raiders,Red Raiders,https://a.espncdn.com/i/teamlogos/ncaa/500/2641.png,Texas Tech,2641,TTU,texas-tech-red-raiders,28-57,49.1,4-14,28.6,9-10,90.0,29,7,22,0,10,6,2,13,2,13,0,0,0,22,10.0,HOME,201,Oklahoma,Sooners,OU,401253839,2021,2,2020-12-23
948,Baylor,s:40~l:41~t:239,ffb81c,004834,Baylor Bears,Bears,https://a.espncdn.com/i/teamlogos/ncaa/500/239.png,Baylor,239,BAY,baylor-bears,26-55,47.3,4-19,21.1,20-29,69.0,34,9,25,0,10,13,6,17,1,17,1,1,0,15,13.0,HOME,66,Iowa State,Cyclones,ISU,401253840,2021,2,2021-01-02
951,Kansas,s:40~l:41~t:2305,e8000d,0022B4,Kansas Jayhawks,Jayhawks,https://a.espncdn.com/i/teamlogos/ncaa/500/2305.png,Kansas,2305,KU,kansas-jayhawks,20-65,30.8,3-23,13.0,16-22,72.7,37,14,23,0,6,8,5,12,1,12,0,0,0,16,0.0,AWAY,251,Texas,Longhorns,TEX,401253841,2021,2,2021-01-02
957,Texas Tech,s:40~l:41~t:2641,231f20,C80025,Texas Tech Red Raiders,Red Raiders,https://a.espncdn.com/i/teamlogos/ncaa/500/2641.png,Texas Tech,2641,TTU,texas-tech-red-raiders,22-55,40.0,8-22,36.4,25-35,71.4,36,10,26,0,10,3,8,14,0,14,0,0,0,21,3.0,AWAY,197,Oklahoma State,Cowboys,OKST,401253844,2021,2,2021-01-02
960,Kansas,s:40~l:41~t:2305,e8000d,0022B4,Kansas Jayhawks,Jayhawks,https://a.espncdn.com/i/teamlogos/ncaa/500/2305.png,Kansas,2305,KU,kansas-jayhawks,35-62,56.5,8-20,40.0,15-20,75.0,41,14,27,0,21,5,4,8,0,8,0,0,0,12,29.0,HOME,2628,TCU,Horned Frogs,TCU,401253846,2021,2,2021-01-06
965,Texas Tech,s:40~l:41~t:2641,231f20,C80025,Texas Tech Red Raiders,Red Raiders,https://a.espncdn.com/i/teamlogos/ncaa/500/2641.png,Texas Tech,2641,TTU,texas-tech-red-raiders,24-53,45.3,4-18,22.2,30-36,83.3,33,12,21,0,11,9,3,9,1,9,0,0,0,10,15.0,AWAY,2306,Kansas State,Wildcats,KSU,401253848,2021,2,2021-01-06
967,Baylor,s:40~l:41~t:239,ffb81c,004834,Baylor Bears,Bears,https://a.espncdn.com/i/teamlogos/ncaa/500/239.png,Baylor,239,BAY,baylor-bears,28-58,48.3,10-24,41.7,10-12,83.3,41,12,29,0,13,5,5,13,1,13,0,0,0,17,19.0,AWAY,201,Oklahoma,Sooners,OU,401253849,2021,2,2021-01-07
968,Texas Tech,s:40~l:41~t:2641,231f20,C80025,Texas Tech Red Raiders,Red Raiders,https://a.espncdn.com/i/teamlogos/ncaa/500/2641.png,Texas Tech,2641,TTU,texas-tech-red-raiders,33-56,58.9,7-18,38.9,18-21,85.7,33,7,26,0,15,11,2,10,0,10,0,0,0,14,30.0,HOME,66,Iowa State,Cyclones,ISU,401253850,2021,2,2021-01-09
971,Kansas,s:40~l:41~t:2305,e8000d,0022B4,Kansas Jayhawks,Jayhawks,https://a.espncdn.com/i/teamlogos/ncaa/500/2305.png,Kansas,2305,KU,kansas-jayhawks,23-47,48.9,6-20,30.0,11-19,57.9,35,6,29,0,13,5,6,16,1,16,0,0,0,14,7.0,AWAY,201,Oklahoma,Sooners,OU,401253851,2021,2,2021-01-09
974,Baylor,s:40~l:41~t:239,ffb81c,004834,Baylor Bears,Bears,https://a.espncdn.com/i/teamlogos/ncaa/500/239.png,Baylor,239,BAY,baylor-bears,25-55,45.5,6-19,31.6,11-19,57.9,32,9,23,0,17,10,3,10,0,10,0,0,0,20,18.0,HOME,2628,TCU,Horned Frogs,TCU,401253853,2021,2,2021-01-09
980,Kansas,s:40~l:41~t:2305,e8000d,0022B4,Kansas Jayhawks,Jayhawks,https://a.espncdn.com/i/teamlogos/ncaa/500/2305.png,Kansas,2305,KU,kansas-jayhawks,28-62,45.2,5-21,23.8,9-9,100.0,35,12,23,0,9,3,6,15,2,15,0,0,0,16,4.0,HOME,197,Oklahoma State,Cowboys,OKST,401253857,2021,2,2021-01-13
982,Texas Tech,s:40~l:41~t:2641,231f20,C80025,Texas Tech Red Raiders,Red Raiders,https://a.espncdn.com/i/teamlogos/ncaa/500/2641.png,Texas Tech,2641,TTU,texas-tech-red-raiders,25-60,41.7,7-19,36.8,22-28,78.6,36,10,26,0,7,4,5,7,0,7,1,1,0,23,2.0,HOME,251,Texas,Longhorns,TEX,401253859,2021,2,2021-01-14
986,Baylor,s:40~l:41~t:239,ffb81c,004834,Baylor Bears,Bears,https://a.espncdn.com/i/teamlogos/ncaa/500/239.png,Baylor,239,BAY,baylor-bears,23-55,41.8,9-24,37.5,13-22,59.1,37,12,25,0,6,8,3,16,0,16,0,0,0,18,10.0,HOME,2641,Texas Tech,Red Raiders,TTU,401253863,2021,2,2021-01-16
987,Texas Tech,s:40~l:41~t:2641,231f20,C80025,Texas Tech Red Raiders,Red Raiders,https://a.espncdn.com/i/teamlogos/ncaa/500/2641.png,Texas Tech,2641,TTU,texas-tech-red-raiders,22-62,35.5,6-24,25.0,10-14,71.4,42,18,24,0,5,8,9,20,0,20,0,0,0,20,3.0,AWAY,239,Baylor,Bears,BAY,401253863,2021,2,2021-01-16
988,Kansas,s:40~l:41~t:2305,e8000d,0022B4,Kansas Jayhawks,Jayhawks,https://a.espncdn.com/i/teamlogos/ncaa/500/2305.png,Kansas,2305,KU,kansas-jayhawks,25-52,48.1,10-19,52.6,9-12,75.0,23,9,14,0,18,5,3,15,0,15,0,0,0,16,0.0,HOME,239,Baylor,Bears,BAY,401253865,2021,2,2021-01-19
989,Baylor,s:40~l:41~t:239,ffb81c,004834,Baylor Bears,Bears,https://a.espncdn.com/i/teamlogos/ncaa/500/239.png,Baylor,239,BAY,baylor-bears,28-52,53.8,9-19,47.4,12-13,92.3,29,10,19,0,14,10,3,18,0,18,0,0,0,17,16.0,AWAY,2305,Kansas,Jayhawks,KU,401253865,2021,2,2021-01-19
994,Kansas,s:40~l:41~t:2305,e8000d,0022B4,Kansas Jayhawks,Jayhawks,https://a.espncdn.com/i/teamlogos/ncaa/500/2305.png,Kansas,2305,KU,kansas-jayhawks,25-54,46.3,8-22,36.4,10-14,71.4,26,2,24,0,12,6,2,11,0,11,0,0,0,20,6.0,HOME,201,Oklahoma,Sooners,OU,401253871,2021,2,2021-01-23
996,Baylor,s:40~l:41~t:239,ffb81c,004834,Baylor Bears,Bears,https://a.espncdn.com/i/teamlogos/ncaa/500/239.png,Baylor,239,BAY,baylor-bears,31-65,47.7,10-24,41.7,9-14,64.3,34,13,21,0,19,10,9,10,1,10,0,0,0,19,18.0,HOME,197,Oklahoma State,Cowboys,OKST,401253872,2021,2,2021-01-23
1000,Texas Tech,s:40~l:41~t:2641,231f20,C80025,Texas Tech Red Raiders,Red Raiders,https://a.espncdn.com/i/teamlogos/ncaa/500/2641.png,Texas Tech,2641,TTU,texas-tech-red-raiders,34-73,46.6,9-21,42.9,10-12,83.3,33,11,22,0,14,7,1,2,0,2,0,0,0,20,12.0,HOME,277,West Virginia,Mountaineers,WVU,401253876,2021,2,2021-01-26
1003,Kansas,s:40~l:41~t:2305,e8000d,0022B4,Kansas Jayhawks,Jayhawks,https://a.espncdn.com/i/teamlogos/ncaa/500/2305.png,Kansas,2305,KU,kansas-jayhawks,23-56,41.1,4-17,23.5,9-16,56.3,35,8,27,0,11,8,7,15,0,15,0,0,0,13,10.0,AWAY,2628,TCU,Horned Frogs,TCU,401253877,2021,2,2021-01-29
1007,Baylor,s:40~l:41~t:239,ffb81c,004834,Baylor Bears,Bears,https://a.espncdn.com/i/teamlogos/ncaa/500/239.png,Baylor,239,BAY,baylor-bears,41-71,57.7,17-28,60.7,8-11,72.7,41,13,28,0,23,14,4,13,0,13,0,0,0,20,52.0,AWAY,2306,Kansas State,Wildcats,KSU,401253879,2021,2,2021-01-28
1009,Texas Tech,s:40~l:41~t:2641,231f20,C80025,Texas Tech Red Raiders,Red Raiders,https://a.espncdn.com/i/teamlogos/ncaa/500/2641.png,Texas Tech,2641,TTU,texas-tech-red-raiders,17-51,33.3,5-14,35.7,18-22,81.8,39,13,26,0,7,5,4,10,0,10,0,0,0,11,10.0,AWAY,201,Oklahoma,Sooners,OU,401253880,2021,2,2021-02-02
1010,Baylor,s:40~l:41~t:239,ffb81c,004834,Baylor Bears,Bears,https://a.espncdn.com/i/teamlogos/ncaa/500/239.png,Baylor,239,BAY,baylor-bears,34-58,58.6,11-21,52.4,4-4,100.0,26,5,21,0,13,10,1,12,0,12,0,0,0,18,15.0,HOME,251,Texas,Longhorns,TEX,401253881,2021,2,2021-02-03
1021,Texas Tech,s:40~l:41~t:2641,231f20,C80025,Texas Tech Red Raiders,Red Raiders,https://a.espncdn.com/i/teamlogos/ncaa/500/2641.png,Texas Tech,2641,TTU,texas-tech-red-raiders,26-58,44.8,5-17,29.4,14-20,70.0,27,10,17,0,15,9,4,13,1,13,2,2,0,27,3.0,AWAY,277,West Virginia,Mountaineers,WVU,401253887,2021,2,2021-02-10
1024,Kansas,s:40~l:41~t:2305,e8000d,0022B4,Kansas Jayhawks,Jayhawks,https://a.espncdn.com/i/teamlogos/ncaa/500/2305.png,Kansas,2305,KU,kansas-jayhawks,22-48,45.8,4-16,25.0,11-17,64.7,35,6,29,0,9,11,2,16,0,16,0,0,0,9,24.0,HOME,2306,Kansas State,Wildcats,KSU,401253892,2021,2,2021-02-18
1032,Kansas,s:40~l:41~t:2305,e8000d,0022B4,Kansas Jayhawks,Jayhawks,https://a.espncdn.com/i/teamlogos/ncaa/500/2305.png,Kansas,2305,KU,kansas-jayhawks,26-65,40.0,8-24,33.3,12-21,57.1,38,9,29,0,14,7,6,12,0,12,0,0,0,20,14.0,HOME,251,Texas,Longhorns,TEX,401253898,2021,2,2021-02-24
1035,Baylor,s:40~l:41~t:239,ffb81c,004834,Baylor Bears,Bears,https://a.espncdn.com/i/teamlogos/ncaa/500/239.png,Baylor,239,BAY,baylor-bears,27-62,43.5,8-25,32.0,15-21,71.4,36,14,22,0,10,9,4,12,0,12,0,0,0,11,5.0,AWAY,66,Iowa State,Cyclones,ISU,401253899,2021,2,2021-02-24
1038,Texas Tech,s:40~l:41~t:2641,231f20,C80025,Texas Tech Red Raiders,Red Raiders,https://a.espncdn.com/i/teamlogos/ncaa/500/2641.png,Texas Tech,2641,TTU,texas-tech-red-raiders,28-66,42.4,5-15,33.3,8-12,66.7,32,10,22,0,11,10,4,12,0,12,1,1,0,24,11.0,HOME,197,Oklahoma State,Cowboys,OKST,401253901,2021,2,2021-02-23
1042,Baylor,s:40~l:41~t:239,ffb81c,004834,Baylor Bears,Bears,https://a.espncdn.com/i/teamlogos/ncaa/500/239.png,Baylor,239,BAY,baylor-bears,23-66,34.8,6-26,23.1,6-16,37.5,28,13,15,0,10,5,1,3,0,3,0,0,0,23,4.0,HOME,2305,Kansas,Jayhawks,KU,401253903,2021,2,2021-02-28
1043,Kansas,s:40~l:41~t:2305,e8000d,0022B4,Kansas Jayhawks,Jayhawks,https://a.espncdn.com/i/teamlogos/ncaa/500/2305.png,Kansas,2305,KU,kansas-jayhawks,25-49,51.0,3-16,18.8,18-26,69.2,48,14,34,0,11,1,7,14,0,14,0,0,0,15,13.0,AWAY,239,Baylor,Bears,BAY,401253903,2021,2,2021-02-28
1047,Texas Tech,s:40~l:41~t:2641,231f20,C80025,Texas Tech Red Raiders,Red Raiders,https://a.espncdn.com/i/teamlogos/ncaa/500/2641.png,Texas Tech,2641,TTU,texas-tech-red-raiders,22-50,44.0,4-13,30.8,20-26,76.9,37,10,27,0,13,6,4,11,1,11,0,0,0,21,13.0,AWAY,251,Texas,Longhorns,TEX,401253905,2021,2,2021-02-27
1187,Duke,s:40~l:41~t:150,f1f2f3,001A57,Duke Blue Devils,Blue Devils,https://a.espncdn.com/i/teamlogos/ncaa/500/150.png,Duke,150,DUKE,duke-blue-devils,29-56,51.8,13-26,50.0,5-8,62.5,38,10,28,0,20,12,8,18,0,18,0,0,0,17,24.0,AWAY,91,Bellarmine,Knights,BELL,401254014,2021,2,2020-12-05
1193,Kansas,s:40~l:41~t:2305,e8000d,0022B4,Kansas Jayhawks,Jayhawks,https://a.espncdn.com/i/teamlogos/ncaa/500/2305.png,Kansas,2305,KU,kansas-jayhawks,24-62,38.7,4-15,26.7,13-19,68.4,43,16,27,0,8,6,5,11,0,11,0,0,0,16,4.0,AWAY,2449,North Dakota State,Bison,NDSU,401254034,2021,2,2020-12-05
1195,Kansas,s:40~l:41~t:2305,e8000d,0022B4,Kansas Jayhawks,Jayhawks,https://a.espncdn.com/i/teamlogos/ncaa/500/2305.png,Kansas,2305,KU,kansas-jayhawks,34-71,47.9,12-31,38.7,15-18,83.3,54,20,34,0,18,8,7,12,1,12,0,0,0,17,45.0,AWAY,2437,Omaha,Mavericks,OMA,401254035,2021,2,2020-12-12
1196,Kansas,s:40~l:41~t:2305,e8000d,0022B4,Kansas Jayhawks,Jayhawks,https://a.espncdn.com/i/teamlogos/ncaa/500/2305.png,Kansas,2305,KU,kansas-jayhawks,20-53,37.7,6-24,25.0,15-22,68.2,23,5,18,0,16,6,1,7,0,7,0,0,0,18,0.0,HOME,2633,Tennessee,Volunteers,TENN,401254037,2021,2,2021-01-30
1197,Tennessee,s:40~l:41~t:2633,ffffff,EE9627,Tennessee Volunteers,Volunteers,https://a.espncdn.com/i/teamlogos/ncaa/500/2633.png,Tennessee,2633,TENN,tennessee-volunteers,28-53,52.8,8-13,61.5,16-17,94.1,38,7,31,0,15,3,1,13,1,13,0,0,0,16,26.0,AWAY,2305,Kansas,Jayhawks,KU,401254037,2021,2,2021-01-30
1198,Kansas,s:40~l:41~t:2305,e8000d,0022B4,Kansas Jayhawks,Jayhawks,https://a.espncdn.com/i/teamlogos/ncaa/500/2305.png,Kansas,2305,KU,kansas-jayhawks,29-64,45.3,7-20,35.0,14-18,77.8,36,15,21,0,12,5,1,18,1,18,1,1,0,21,0.0,HOME,277,West Virginia,Mountaineers,WVU,401254038,2021,2,2021-02-06
1201,Kansas,s:40~l:41~t:2305,e8000d,0022B4,Kansas Jayhawks,Jayhawks,https://a.espncdn.com/i/teamlogos/ncaa/500/2305.png,Kansas,2305,KU,kansas-jayhawks,23-56,41.1,5-15,33.3,27-34,79.4,45,13,32,0,13,9,6,19,1,19,0,0,0,15,15.0,AWAY,197,Oklahoma State,Cowboys,OKST,401254039,2021,2,2021-02-09
1202,Texas Tech,s:40~l:41~t:2641,231f20,C80025,Texas Tech Red Raiders,Red Raiders,https://a.espncdn.com/i/teamlogos/ncaa/500/2641.png,Texas Tech,2641,TTU,texas-tech-red-raiders,22-53,41.5,5-17,29.4,12-19,63.2,36,9,27,0,11,2,3,10,1,10,0,0,0,14,0.0,HOME,2305,Kansas,Jayhawks,KU,401254040,2021,2,2021-02-20
1203,Kansas,s:40~l:41~t:2305,e8000d,0022B4,Kansas Jayhawks,Jayhawks,https://a.espncdn.com/i/teamlogos/ncaa/500/2305.png,Kansas,2305,KU,kansas-jayhawks,25-63,39.7,8-28,28.6,9-13,69.2,39,14,25,0,17,3,4,6,0,6,0,0,0,18,12.0,AWAY,2641,Texas Tech,Red Raiders,TTU,401254040,2021,2,2021-02-20
1204,Kansas,s:40~l:41~t:2305,e8000d,0022B4,Kansas Jayhawks,Jayhawks,https://a.espncdn.com/i/teamlogos/ncaa/500/2305.png,Kansas,2305,KU,kansas-jayhawks,20-67,29.9,5-21,23.8,20-30,66.7,47,19,28,0,9,8,4,11,1,11,2,2,0,16,5.0,HOME,96,Kentucky,Wildcats,UK,401254041,2021,2,2020-12-02
1205,Kentucky,s:40~l:41~t:96,ffffff,005DAA,Kentucky Wildcats,Wildcats,https://a.espncdn.com/i/teamlogos/ncaa/500/96.png,Kentucky,96,UK,kentucky-wildcats,22-61,36.1,3-21,14.3,15-20,75.0,43,13,30,0,8,7,12,16,1,16,0,0,0,26,13.0,AWAY,2305,Kansas,Jayhawks,KU,401254041,2021,2,2020-12-02
1207,Kansas,s:40~l:41~t:2305,e8000d,0022B4,Kansas Jayhawks,Jayhawks,https://a.espncdn.com/i/teamlogos/ncaa/500/2305.png,Kansas,2305,KU,kansas-jayhawks,26-66,39.4,10-22,45.5,11-17,64.7,41,13,28,0,18,10,3,12,0,12,0,0,0,13,8.0,AWAY,156,Creighton,Bluejays,CREI,401254042,2021,2,2020-12-08
1209,Kansas,s:40~l:41~t:2305,e8000d,0022B4,Kansas Jayhawks,Jayhawks,https://a.espncdn.com/i/teamlogos/ncaa/500/2305.png,Kansas,2305,KU,kansas-jayhawks,29-67,43.3,9-29,31.0,7-8,87.5,41,13,28,0,17,6,2,6,0,6,0,0,0,14,26.0,AWAY,2306,Kansas State,Wildcats,KSU,401254043,2021,2,2021-02-03
1211,Baylor,s:40~l:41~t:239,ffb81c,004834,Baylor Bears,Bears,https://a.espncdn.com/i/teamlogos/ncaa/500/239.png,Baylor,239,BAY,baylor-bears,37-71,52.1,11-23,47.8,14-17,82.4,42,13,29,0,25,9,4,5,0,5,0,0,0,14,58.0,AWAY,2029,Arkansas-Pine Bluff,Golden Lions,UAPB,401254046,2021,2,2020-12-22
1213,Baylor,s:40~l:41~t:239,ffb81c,004834,Baylor Bears,Bears,https://a.espncdn.com/i/teamlogos/ncaa/500/239.png,Baylor,239,BAY,baylor-bears,37-74,50.0,13-30,43.3,6-8,75.0,43,9,34,0,25,14,3,10,0,10,0,0,0,9,43.0,AWAY,2110,Central Arkansas,Bears,UCA,401254047,2021,2,2020-12-29
1214,Auburn,s:40~l:41~t:2,f1f2f3,03244d,Auburn Tigers,Tigers,https://a.espncdn.com/i/teamlogos/ncaa/500/2.png,Auburn,2,AUB,auburn-tigers,28-68,41.2,6-25,24.0,10-15,66.7,43,17,26,0,17,3,4,13,0,13,1,1,0,15,2.0,HOME,239,Baylor,Bears,BAY,401254048,2021,2,2021-01-30
1215,Baylor,s:40~l:41~t:239,ffb81c,004834,Baylor Bears,Bears,https://a.espncdn.com/i/teamlogos/ncaa/500/239.png,Baylor,239,BAY,baylor-bears,31-72,43.1,11-30,36.7,11-18,61.1,43,17,26,0,17,7,7,9,1,9,0,0,0,15,21.0,AWAY,2,Auburn,Tigers,AUB,401254048,2021,2,2021-01-30
1232,Texas Tech,s:40~l:41~t:2641,231f20,C80025,Texas Tech Red Raiders,Red Raiders,https://a.espncdn.com/i/teamlogos/ncaa/500/2641.png,Texas Tech,2641,TTU,texas-tech-red-raiders,24-51,47.1,10-20,50.0,15-22,68.2,28,6,22,0,18,8,5,10,2,10,0,0,0,18,12.0,HOME,2306,Kansas State,Wildcats,KSU,401254057,2021,2,2021-02-06
1260,Texas Tech,s:40~l:41~t:2641,231f20,C80025,Texas Tech Red Raiders,Red Raiders,https://a.espncdn.com/i/teamlogos/ncaa/500/2641.png,Texas Tech,2641,TTU,texas-tech-red-raiders,26-62,41.9,7-23,30.4,17-21,81.0,41,16,25,0,10,4,2,13,0,13,0,0,0,13,5.0,HOME,99,LSU,Tigers,LSU,401254079,2021,2,2021-01-30
1271,Purdue,s:40~l:41~t:2509,a4a9ad,B89D29,Purdue Boilermakers,Boilermakers,https://a.espncdn.com/i/teamlogos/ncaa/500/2509.png,Purdue,2509,PUR,purdue-boilermakers,30-54,55.6,6-16,37.5,14-21,66.7,40,12,28,0,22,3,8,19,1,19,0,0,0,13,12.0,AWAY,282,Indiana State,Sycamores,INST,401254086,2021,2,2020-12-13
1456,Villanova,s:40~l:41~t:222,f0f0f0,123d7C,Villanova Wildcats,Wildcats,https://a.espncdn.com/i/teamlogos/ncaa/500/222.png,Villanova,222,VILL,villanova-wildcats,25-60,41.7,15-39,38.5,11-17,64.7,36,11,25,0,17,3,0,7,0,7,0,0,0,13,13.0,HOME,46,Georgetown,Hoyas,GTWN,401254978,2021,2,2020-12-12
1461,Villanova,s:40~l:41~t:222,f0f0f0,123d7C,Villanova Wildcats,Wildcats,https://a.espncdn.com/i/teamlogos/ncaa/500/222.png,Villanova,222,VILL,villanova-wildcats,29-58,50.0,10-23,43.5,17-22,77.3,33,9,24,0,18,2,1,6,0,6,1,1,0,21,20.0,AWAY,2086,Butler,Bulldogs,BUT,401254987,2021,2,2020-12-17
1472,Wisconsin,s:40~l:41~t:275,f7f7f7,A00002,Wisconsin Badgers,Badgers,https://a.espncdn.com/i/teamlogos/ncaa/500/275.png,Wisconsin,275,WISC,wisconsin-badgers,21-56,37.5,7-24,29.2,16-19,84.2,36,13,23,0,11,5,4,10,0,10,0,0,0,22,6.0,HOME,269,Marquette,Golden Eagles,MARQ,401255012,2021,2,2020-12-05
1486,Villanova,s:40~l:41~t:222,f0f0f0,123d7C,Villanova Wildcats,Wildcats,https://a.espncdn.com/i/teamlogos/ncaa/500/222.png,Villanova,222,VILL,villanova-wildcats,29-60,48.3,13-33,39.4,14-16,87.5,27,6,21,0,17,6,1,4,0,4,0,0,0,18,23.0,HOME,269,Marquette,Golden Eagles,MARQ,401255019,2021,2,2020-12-24
1528,North Carolina,s:40~l:41~t:153,13294b,99bfe5,North Carolina Tar Heels,Tar Heels,https://a.espncdn.com/i/teamlogos/ncaa/500/153.png,North Carolina,153,UNC,north-carolina-tar-heels,25-60,41.7,7-20,35.0,21-32,65.6,54,19,35,0,11,7,5,16,0,16,0,0,0,15,33.0,HOME,2439,UNLV,Rebels,UNLV,401255064,2021,2,2020-12-01
1541,Villanova,s:40~l:41~t:222,f0f0f0,123d7C,Villanova Wildcats,Wildcats,https://a.espncdn.com/i/teamlogos/ncaa/500/222.png,Villanova,222,VILL,villanova-wildcats,26-61,42.6,9-25,36.0,12-17,70.6,31,7,24,0,11,2,4,8,0,8,0,0,0,23,12.0,AWAY,259,Virginia Tech,Hokies,VT,401255593,2021,2,2020-11-29
1550,Kentucky,s:40~l:41~t:96,ffffff,005DAA,Kentucky Wildcats,Wildcats,https://a.espncdn.com/i/teamlogos/ncaa/500/96.png,Kentucky,96,UK,kentucky-wildcats,22-49,44.9,8-20,40.0,10-11,90.9,28,6,22,0,16,4,1,21,1,21,0,0,0,13,3.0,HOME,59,Georgia Tech,Yellow Jackets,GT,401255627,2021,2,2020-12-06
1563,Gonzaga,s:40~l:41~t:2250,cfd4d8,002967,Gonzaga Bulldogs,Bulldogs,https://a.espncdn.com/i/teamlogos/ncaa/500/2250.png,Gonzaga,2250,GONZ,gonzaga-bulldogs,36-70,51.4,13-26,50.0,14-24,58.3,49,16,33,0,25,8,2,18,0,18,0,0,0,23,20.0,AWAY,2294,Iowa,Hawkeyes,IOWA,401255666,2021,2,2020-12-19
1575,Gonzaga,s:40~l:41~t:2250,cfd4d8,002967,Gonzaga Bulldogs,Bulldogs,https://a.espncdn.com/i/teamlogos/ncaa/500/2250.png,Gonzaga,2250,GONZ,gonzaga-bulldogs,44-73,60.3,8-23,34.8,16-24,66.7,38,9,29,0,26,11,0,7,0,7,0,0,0,19,49.0,AWAY,3101,Dixie State,Trailblazers,DXST,401255768,2021,2,2020-12-30
1583,Duke,s:40~l:41~t:150,f1f2f3,001A57,Duke Blue Devils,Blue Devils,https://a.espncdn.com/i/teamlogos/ncaa/500/150.png,Duke,150,DUKE,duke-blue-devils,27-67,40.3,5-22,22.7,9-16,56.3,33,12,21,0,14,8,5,12,0,12,0,0,0,19,0.0,AWAY,356,Illinois,Fighting Illini,ILL,401256094,2021,2,2020-12-09
1584,North Carolina,s:40~l:41~t:153,13294b,99bfe5,North Carolina Tar Heels,Tar Heels,https://a.espncdn.com/i/teamlogos/ncaa/500/153.png,North Carolina,153,UNC,north-carolina-tar-heels,31-65,47.7,6-15,40.0,12-20,60.0,47,15,32,0,22,7,2,18,0,18,0,0,0,18,1.0,HOME,2294,Iowa,Hawkeyes,IOWA,401256095,2021,2,2020-12-09
1590,Purdue,s:40~l:41~t:2509,a4a9ad,B89D29,Purdue Boilermakers,Boilermakers,https://a.espncdn.com/i/teamlogos/ncaa/500/2509.png,Purdue,2509,PUR,purdue-boilermakers,21-60,35.0,4-25,16.0,8-10,80.0,40,13,27,0,11,8,2,14,1,14,0,0,0,23,20.0,HOME,2390,Miami,Hurricanes,MIA,401256098,2021,2,2020-12-08
1626,North Carolina,s:40~l:41~t:153,13294b,99bfe5,North Carolina Tar Heels,Tar Heels,https://a.espncdn.com/i/teamlogos/ncaa/500/153.png,North Carolina,153,UNC,north-carolina-tar-heels,24-52,46.2,4-12,33.3,15-24,62.5,43,15,28,0,11,6,5,24,1,24,0,0,0,22,6.0,HOME,24,Stanford,Cardinal,STAN,401256578,2021,2,2020-12-01
1629,North Carolina,s:40~l:41~t:153,13294b,99bfe5,North Carolina Tar Heels,Tar Heels,https://a.espncdn.com/i/teamlogos/ncaa/500/153.png,North Carolina,153,UNC,north-carolina-tar-heels,24-58,41.4,1-9,11.1,18-32,56.3,50,20,30,0,6,2,4,14,1,14,0,0,0,14,5.0,AWAY,251,Texas,Longhorns,TEX,401256579,2021,2,2020-12-02
2027,Texas Tech,s:40~l:41~t:2641,231f20,C80025,Texas Tech Red Raiders,Red Raiders,https://a.espncdn.com/i/teamlogos/ncaa/500/2641.png,Texas Tech,2641,TTU,texas-tech-red-raiders,27-68,39.7,4-17,23.5,19-30,63.3,43,24,19,0,19,8,4,4,0,4,0,0,0,14,26.0,AWAY,357,Texas A&M-CC,Islanders,AMCC,401257378,2021,2,2020-12-12
2793,Auburn,s:40~l:41~t:2,f1f2f3,03244d,Auburn Tigers,Tigers,https://a.espncdn.com/i/teamlogos/ncaa/500/2.png,Auburn,2,AUB,auburn-tigers,28-54,51.9,15-29,51.7,14-24,58.3,34,11,23,0,18,6,5,19,1,19,0,0,0,20,1.0,AWAY,8,Arkansas,Razorbacks,ARK,401258718,2021,2,2020-12-31
2798,Tennessee,s:40~l:41~t:2633,ffffff,EE9627,Tennessee Volunteers,Volunteers,https://a.espncdn.com/i/teamlogos/ncaa/500/2633.png,Tennessee,2633,TENN,tennessee-volunteers,27-54,50.0,5-7,71.4,14-24,58.3,36,10,26,0,9,8,5,14,0,14,0,0,0,24,28.0,HOME,142,Missouri,Tigers,MIZ,401258721,2021,2,2020-12-31
2801,Tennessee,s:40~l:41~t:2633,ffffff,EE9627,Tennessee Volunteers,Volunteers,https://a.espncdn.com/i/teamlogos/ncaa/500/2633.png,Tennessee,2633,TENN,tennessee-volunteers,21-66,31.8,4-21,19.0,17-26,65.4,46,18,28,0,7,3,7,9,0,9,0,0,0,16,4.0,AWAY,333,Alabama,Crimson Tide,ALA,401258722,2021,2,2021-01-02
2804,Auburn,s:40~l:41~t:2,f1f2f3,03244d,Auburn Tigers,Tigers,https://a.espncdn.com/i/teamlogos/ncaa/500/2.png,Auburn,2,AUB,auburn-tigers,24-57,42.1,11-33,33.3,7-9,77.8,30,8,22,0,16,9,3,18,2,18,0,0,0,14,1.0,HOME,245,Texas A&M,Aggies,TA&M,401258724,2021,2,2021-01-02
2808,Kentucky,s:40~l:41~t:96,ffffff,005DAA,Kentucky Wildcats,Wildcats,https://a.espncdn.com/i/teamlogos/ncaa/500/96.png,Kentucky,96,UK,kentucky-wildcats,32-77,41.6,11-21,52.4,3-8,37.5,48,19,29,0,18,10,10,18,2,18,2,2,0,17,8.0,HOME,344,Mississippi State,Bulldogs,MSST,401258726,2021,2,2021-01-02
2813,Kentucky,s:40~l:41~t:96,ffffff,005DAA,Kentucky Wildcats,Wildcats,https://a.espncdn.com/i/teamlogos/ncaa/500/96.png,Kentucky,96,UK,kentucky-wildcats,23-55,41.8,5-13,38.5,26-32,81.3,29,5,24,0,8,6,9,2,0,2,2,2,0,19,6.0,AWAY,238,Vanderbilt,Commodores,VAN,401258728,2021,2,2021-01-06
2817,Tennessee,s:40~l:41~t:2633,ffffff,EE9627,Tennessee Volunteers,Volunteers,https://a.espncdn.com/i/teamlogos/ncaa/500/2633.png,Tennessee,2633,TENN,tennessee-volunteers,27-60,45.0,5-18,27.8,20-26,76.9,28,6,22,0,13,10,9,5,1,5,0,0,0,12,8.0,AWAY,8,Arkansas,Razorbacks,ARK,401258730,2021,2,2021-01-07
2818,Auburn,s:40~l:41~t:2,f1f2f3,03244d,Auburn Tigers,Tigers,https://a.espncdn.com/i/teamlogos/ncaa/500/2.png,Auburn,2,AUB,auburn-tigers,22-61,36.1,10-30,33.3,7-9,77.8,37,13,24,0,13,7,2,16,0,16,0,0,0,14,0.0,HOME,145,Ole Miss,Rebels,MISS,401258731,2021,2,2021-01-07
2825,Auburn,s:40~l:41~t:2,f1f2f3,03244d,Auburn Tigers,Tigers,https://a.espncdn.com/i/teamlogos/ncaa/500/2.png,Auburn,2,AUB,auburn-tigers,29-62,46.8,8-27,29.6,24-28,85.7,39,8,31,0,17,9,10,20,0,20,0,0,0,22,2.0,AWAY,333,Alabama,Crimson Tide,ALA,401258734,2021,2,2021-01-09
2828,Kentucky,s:40~l:41~t:96,ffffff,005DAA,Kentucky Wildcats,Wildcats,https://a.espncdn.com/i/teamlogos/ncaa/500/96.png,Kentucky,96,UK,kentucky-wildcats,29-52,55.8,6-13,46.2,12-13,92.3,31,6,25,0,18,10,7,14,2,14,0,0,0,14,25.0,HOME,57,Florida,Gators,FLA,401258736,2021,2,2021-01-09
2832,Tennessee,s:40~l:41~t:2633,ffffff,EE9627,Tennessee Volunteers,Volunteers,https://a.espncdn.com/i/teamlogos/ncaa/500/2633.png,Tennessee,2633,TENN,tennessee-volunteers,27-46,58.7,8-21,38.1,6-9,66.7,23,3,20,0,23,6,5,11,1,11,0,0,0,17,18.0,HOME,245,Texas A&M,Aggies,TA&M,401258740,2021,2,2021-01-09
2835,Kentucky,s:40~l:41~t:96,ffffff,005DAA,Kentucky Wildcats,Wildcats,https://a.espncdn.com/i/teamlogos/ncaa/500/96.png,Kentucky,96,UK,kentucky-wildcats,21-61,34.4,4-18,22.2,19-24,79.2,44,18,26,0,7,5,9,19,1,19,0,0,0,18,0.0,AWAY,333,Alabama,Crimson Tide,ALA,401258741,2021,2,2021-01-13
2840,Auburn,s:40~l:41~t:2,f1f2f3,03244d,Auburn Tigers,Tigers,https://a.espncdn.com/i/teamlogos/ncaa/500/2.png,Auburn,2,AUB,auburn-tigers,35-62,56.5,5-20,25.0,20-26,76.9,40,10,30,0,19,11,14,21,1,21,0,0,0,23,23.0,HOME,61,Georgia,Bulldogs,UGA,401258746,2021,2,2021-01-14
2846,Kentucky,s:40~l:41~t:96,ffffff,005DAA,Kentucky Wildcats,Wildcats,https://a.espncdn.com/i/teamlogos/ncaa/500/96.png,Kentucky,96,UK,kentucky-wildcats,23-57,40.4,4-17,23.5,9-16,56.3,38,15,23,0,7,10,6,18,0,18,0,0,0,20,7.0,HOME,2,Auburn,Tigers,AUB,401258749,2021,2,2021-01-16
2847,Auburn,s:40~l:41~t:2,f1f2f3,03244d,Auburn Tigers,Tigers,https://a.espncdn.com/i/teamlogos/ncaa/500/2.png,Auburn,2,AUB,auburn-tigers,23-60,38.3,5-24,20.8,15-21,71.4,41,16,25,0,11,7,4,14,1,14,0,0,0,19,2.0,AWAY,96,Kentucky,Wildcats,UK,401258749,2021,2,2021-01-16
2857,Tennessee,s:40~l:41~t:2633,ffffff,EE9627,Tennessee Volunteers,Volunteers,https://a.espncdn.com/i/teamlogos/ncaa/500/2633.png,Tennessee,2633,TENN,tennessee-volunteers,25-51,49.0,7-21,33.3,24-33,72.7,33,6,27,0,18,9,3,9,1,9,0,0,0,19,22.0,AWAY,238,Vanderbilt,Commodores,VAN,401258754,2021,2,2021-01-16
2860,Tennessee,s:40~l:41~t:2633,ffffff,EE9627,Tennessee Volunteers,Volunteers,https://a.espncdn.com/i/teamlogos/ncaa/500/2633.png,Tennessee,2633,TENN,tennessee-volunteers,17-58,29.3,3-18,16.7,12-25,48.0,36,17,19,0,11,6,3,18,1,18,0,0,0,14,2.0,HOME,57,Florida,Gators,FLA,401258756,2021,2,2021-01-20
2866,Auburn,s:40~l:41~t:2,f1f2f3,03244d,Auburn Tigers,Tigers,https://a.espncdn.com/i/teamlogos/ncaa/500/2.png,Auburn,2,AUB,auburn-tigers,25-58,43.1,7-23,30.4,16-24,66.7,34,11,23,0,10,7,9,17,1,17,0,0,0,18,19.0,HOME,8,Arkansas,Razorbacks,ARK,401258759,2021,2,2021-01-21
2868,Kentucky,s:40~l:41~t:96,ffffff,005DAA,Kentucky Wildcats,Wildcats,https://a.espncdn.com/i/teamlogos/ncaa/500/96.png,Kentucky,96,UK,kentucky-wildcats,24-57,42.1,1-13,7.7,13-18,72.2,41,15,26,0,11,5,6,17,2,17,0,0,0,11,7.0,HOME,61,Georgia,Bulldogs,UGA,401258760,2021,2,2021-01-21
2874,Auburn,s:40~l:41~t:2,f1f2f3,03244d,Auburn Tigers,Tigers,https://a.espncdn.com/i/teamlogos/ncaa/500/2.png,Auburn,2,AUB,auburn-tigers,40-77,51.9,14-27,51.9,15-16,93.8,46,14,32,0,21,4,6,14,1,14,0,0,0,19,31.0,HOME,2579,South Carolina,Gamecocks,SC,401258764,2021,2,2021-01-23
2879,Kentucky,s:40~l:41~t:96,ffffff,005DAA,Kentucky Wildcats,Wildcats,https://a.espncdn.com/i/teamlogos/ncaa/500/96.png,Kentucky,96,UK,kentucky-wildcats,27-64,42.2,7-26,26.9,21-26,80.8,46,13,33,0,15,3,4,9,2,9,0,0,0,20,17.0,AWAY,99,LSU,Tigers,LSU,401258766,2021,2,2021-01-23
2883,Tennessee,s:40~l:41~t:2633,ffffff,EE9627,Tennessee Volunteers,Volunteers,https://a.espncdn.com/i/teamlogos/ncaa/500/2633.png,Tennessee,2633,TENN,tennessee-volunteers,21-48,43.8,9-22,40.9,13-21,61.9,29,10,19,0,12,4,4,18,2,18,0,0,0,20,0.0,AWAY,142,Missouri,Tigers,MIZ,401258768,2021,2,2021-01-24
2884,Kentucky,s:40~l:41~t:96,ffffff,005DAA,Kentucky Wildcats,Wildcats,https://a.espncdn.com/i/teamlogos/ncaa/500/96.png,Kentucky,96,UK,kentucky-wildcats,19-54,35.2,6-14,42.9,15-17,88.2,34,7,27,0,11,9,5,17,1,17,0,0,0,25,2.0,HOME,333,Alabama,Crimson Tide,ALA,401258769,2021,2,2021-01-27
2887,Auburn,s:40~l:41~t:2,f1f2f3,03244d,Auburn Tigers,Tigers,https://a.espncdn.com/i/teamlogos/ncaa/500/2.png,Auburn,2,AUB,auburn-tigers,23-55,41.8,6-21,28.6,36-44,81.8,46,8,38,0,14,2,14,12,0,12,1,1,0,21,14.0,AWAY,142,Missouri,Tigers,MIZ,401258770,2021,2,2021-01-27
2891,Tennessee,s:40~l:41~t:2633,ffffff,EE9627,Tennessee Volunteers,Volunteers,https://a.espncdn.com/i/teamlogos/ncaa/500/2633.png,Tennessee,2633,TENN,tennessee-volunteers,20-54,37.0,3-19,15.8,13-18,72.2,30,10,20,0,15,8,6,11,0,11,0,0,0,18,11.0,AWAY,344,Mississippi State,Bulldogs,MSST,401258772,2021,2,2021-01-27
2905,Auburn,s:40~l:41~t:2,f1f2f3,03244d,Auburn Tigers,Tigers,https://a.espncdn.com/i/teamlogos/ncaa/500/2.png,Auburn,2,AUB,auburn-tigers,29-60,48.3,8-27,29.6,20-26,76.9,32,7,25,0,18,9,7,14,0,14,0,0,0,20,0.0,AWAY,61,Georgia,Bulldogs,UGA,401258779,2021,2,2021-02-03
2906,Kentucky,s:40~l:41~t:96,ffffff,005DAA,Kentucky Wildcats,Wildcats,https://a.espncdn.com/i/teamlogos/ncaa/500/96.png,Kentucky,96,UK,kentucky-wildcats,26-55,47.3,9-20,45.0,9-16,56.3,39,6,33,0,13,7,9,17,0,17,1,1,0,24,0.0,HOME,142,Missouri,Tigers,MIZ,401258780,2021,2,2021-02-04
2908,Tennessee,s:40~l:41~t:2633,ffffff,EE9627,Tennessee Volunteers,Volunteers,https://a.espncdn.com/i/teamlogos/ncaa/500/2633.png,Tennessee,2633,TENN,tennessee-volunteers,16-45,35.6,8-19,42.1,10-16,62.5,30,5,25,0,14,6,4,16,1,16,0,0,0,17,11.0,HOME,145,Ole Miss,Rebels,MISS,401258781,2021,2,2021-02-03
2917,Auburn,s:40~l:41~t:2,f1f2f3,03244d,Auburn Tigers,Tigers,https://a.espncdn.com/i/teamlogos/ncaa/500/2.png,Auburn,2,AUB,auburn-tigers,30-63,47.6,12-29,41.4,12-18,66.7,34,13,21,0,23,7,5,17,0,17,0,0,0,17,14.0,AWAY,145,Ole Miss,Rebels,MISS,401258787,2021,2,2021-02-06
2920,Tennessee,s:40~l:41~t:2633,ffffff,EE9627,Tennessee Volunteers,Volunteers,https://a.espncdn.com/i/teamlogos/ncaa/500/2633.png,Tennessee,2633,TENN,tennessee-volunteers,32-68,47.1,5-19,26.3,13-15,86.7,41,11,30,0,10,5,6,11,0,11,0,0,0,22,11.0,HOME,96,Kentucky,Wildcats,UK,401258790,2021,2,2021-02-07
2921,Kentucky,s:40~l:41~t:96,ffffff,005DAA,Kentucky Wildcats,Wildcats,https://a.espncdn.com/i/teamlogos/ncaa/500/96.png,Kentucky,96,UK,kentucky-wildcats,25-65,38.5,4-17,23.5,17-19,89.5,37,10,27,0,10,5,4,13,0,13,0,0,0,18,10.0,AWAY,2633,Tennessee,Volunteers,TENN,401258790,2021,2,2021-02-07
2927,Kentucky,s:40~l:41~t:96,ffffff,005DAA,Kentucky Wildcats,Wildcats,https://a.espncdn.com/i/teamlogos/ncaa/500/96.png,Kentucky,96,UK,kentucky-wildcats,25-61,41.0,14-26,53.8,16-25,64.0,42,12,30,0,18,1,2,11,0,11,2,2,0,18,6.0,AWAY,8,Arkansas,Razorbacks,ARK,401258793,2021,2,2021-02-10
2928,Auburn,s:40~l:41~t:2,f1f2f3,03244d,Auburn Tigers,Tigers,https://a.espncdn.com/i/teamlogos/ncaa/500/2.png,Auburn,2,AUB,auburn-tigers,21-59,35.6,10-27,37.0,21-25,84.0,43,14,29,0,15,3,5,17,1,17,0,0,0,18,11.0,HOME,238,Vanderbilt,Commodores,VAN,401258794,2021,2,2021-02-10
2938,Auburn,s:40~l:41~t:2,f1f2f3,03244d,Auburn Tigers,Tigers,https://a.espncdn.com/i/teamlogos/ncaa/500/2.png,Auburn,2,AUB,auburn-tigers,30-73,41.1,11-30,36.7,9-10,90.0,44,20,24,0,12,5,8,17,1,17,1,1,0,20,9.0,HOME,96,Kentucky,Wildcats,UK,401258801,2021,2,2021-02-13
2939,Kentucky,s:40~l:41~t:96,ffffff,005DAA,Kentucky Wildcats,Wildcats,https://a.espncdn.com/i/teamlogos/ncaa/500/96.png,Kentucky,96,UK,kentucky-wildcats,27-63,42.9,11-24,45.8,17-25,68.0,36,15,21,0,15,8,10,13,0,13,0,0,0,15,14.0,AWAY,2,Auburn,Tigers,AUB,401258801,2021,2,2021-02-13
2940,Tennessee,s:40~l:41~t:2633,ffffff,EE9627,Tennessee Volunteers,Volunteers,https://a.espncdn.com/i/teamlogos/ncaa/500/2633.png,Tennessee,2633,TENN,tennessee-volunteers,22-62,35.5,8-27,29.6,13-17,76.5,36,14,22,0,13,6,3,11,0,11,0,0,0,15,1.0,HOME,99,LSU,Tigers,LSU,401258803,2021,2,2021-02-13
2951,Tennessee,s:40~l:41~t:2633,ffffff,EE9627,Tennessee Volunteers,Volunteers,https://a.espncdn.com/i/teamlogos/ncaa/500/2633.png,Tennessee,2633,TENN,tennessee-volunteers,32-59,54.2,9-19,47.4,20-26,76.9,37,11,26,0,26,8,2,16,0,16,0,0,0,14,22.0,AWAY,2579,South Carolina,Gamecocks,SC,401258809,2021,2,2021-02-18
2952,Kentucky,s:40~l:41~t:96,ffffff,005DAA,Kentucky Wildcats,Wildcats,https://a.espncdn.com/i/teamlogos/ncaa/500/96.png,Kentucky,96,UK,kentucky-wildcats,25-61,41.0,8-26,30.8,24-25,96.0,40,15,25,0,17,7,11,15,1,15,0,0,0,21,17.0,HOME,238,Vanderbilt,Commodores,VAN,401258811,2021,2,2021-02-18
2958,Auburn,s:40~l:41~t:2,f1f2f3,03244d,Auburn Tigers,Tigers,https://a.espncdn.com/i/teamlogos/ncaa/500/2.png,Auburn,2,AUB,auburn-tigers,27-73,37.0,7-28,25.0,19-22,86.4,39,18,21,0,8,6,9,12,0,12,0,0,0,19,5.0,HOME,99,LSU,Tigers,LSU,401258815,2021,2,2021-02-20
2962,Kentucky,s:40~l:41~t:96,ffffff,005DAA,Kentucky Wildcats,Wildcats,https://a.espncdn.com/i/teamlogos/ncaa/500/96.png,Kentucky,96,UK,kentucky-wildcats,23-57,40.4,7-14,50.0,17-20,85.0,43,11,32,0,12,7,4,11,0,11,0,0,0,15,21.0,HOME,2633,Tennessee,Volunteers,TENN,401258817,2021,2,2021-02-20
2963,Tennessee,s:40~l:41~t:2633,ffffff,EE9627,Tennessee Volunteers,Volunteers,https://a.espncdn.com/i/teamlogos/ncaa/500/2633.png,Tennessee,2633,TENN,tennessee-volunteers,18-56,32.1,6-22,27.3,13-16,81.3,31,7,24,0,12,4,5,10,0,10,0,0,0,14,3.0,AWAY,96,Kentucky,Wildcats,UK,401258817,2021,2,2021-02-20
2969,Auburn,s:40~l:41~t:2,f1f2f3,03244d,Auburn Tigers,Tigers,https://a.espncdn.com/i/teamlogos/ncaa/500/2.png,Auburn,2,AUB,auburn-tigers,18-51,35.3,7-31,22.6,14-22,63.6,39,12,27,0,13,6,6,21,0,21,0,0,0,16,3.0,AWAY,57,Florida,Gators,FLA,401258820,2021,2,2021-02-24
2978,Tennessee,s:40~l:41~t:2633,ffffff,EE9627,Tennessee Volunteers,Volunteers,https://a.espncdn.com/i/teamlogos/ncaa/500/2633.png,Tennessee,2633,TENN,tennessee-volunteers,23-51,45.1,6-19,31.6,18-22,81.8,38,11,27,0,11,9,5,17,1,17,0,0,0,13,17.0,HOME,238,Vanderbilt,Commodores,VAN,401258826,2021,2,2021-02-25
2984,Tennessee,s:40~l:41~t:2633,ffffff,EE9627,Tennessee Volunteers,Volunteers,https://a.espncdn.com/i/teamlogos/ncaa/500/2633.png,Tennessee,2633,TENN,tennessee-volunteers,26-63,41.3,11-28,39.3,9-10,90.0,34,11,23,0,14,6,5,13,1,13,1,1,0,23,5.0,HOME,2,Auburn,Tigers,AUB,401258829,2021,2,2021-02-27
2985,Auburn,s:40~l:41~t:2,f1f2f3,03244d,Auburn Tigers,Tigers,https://a.espncdn.com/i/teamlogos/ncaa/500/2.png,Auburn,2,AUB,auburn-tigers,22-55,40.0,9-26,34.6,24-37,64.9,41,16,25,0,9,8,4,12,1,12,0,0,0,16,12.0,AWAY,2633,Tennessee,Volunteers,TENN,401258829,2021,2,2021-02-27
2987,Kentucky,s:40~l:41~t:96,ffffff,005DAA,Kentucky Wildcats,Wildcats,https://a.espncdn.com/i/teamlogos/ncaa/500/96.png,Kentucky,96,UK,kentucky-wildcats,19-48,39.6,4-20,20.0,25-29,86.2,25,9,16,0,7,6,6,15,0,15,0,0,0,15,10.0,AWAY,57,Florida,Gators,FLA,401258830,2021,2,2021-02-27
2992,Auburn,s:40~l:41~t:2,f1f2f3,03244d,Auburn Tigers,Tigers,https://a.espncdn.com/i/teamlogos/ncaa/500/2.png,Auburn,2,AUB,auburn-tigers,21-53,39.6,6-24,25.0,10-16,62.5,46,14,32,0,10,4,3,23,3,23,0,0,0,16,0.0,HOME,333,Alabama,Crimson Tide,ALA,401258834,2021,2,2021-03-03
2996,Kentucky,s:40~l:41~t:96,ffffff,005DAA,Kentucky Wildcats,Wildcats,https://a.espncdn.com/i/teamlogos/ncaa/500/96.png,Kentucky,96,UK,kentucky-wildcats,21-56,37.5,5-20,25.0,15-25,60.0,28,10,18,0,16,5,4,7,0,7,0,0,0,15,6.0,HOME,145,Ole Miss,Rebels,MISS,401258836,2021,2,2021-03-03
3019,Kentucky,s:40~l:41~t:96,ffffff,005DAA,Kentucky Wildcats,Wildcats,https://a.espncdn.com/i/teamlogos/ncaa/500/96.png,Kentucky,96,UK,kentucky-wildcats,33-59,55.9,6-16,37.5,9-14,64.3,37,11,26,0,18,8,6,15,0,15,0,0,0,18,39.0,AWAY,2413,Morehead State,Eagles,MORE,401258857,2021,2,2020-11-25
3021,Kentucky,s:40~l:41~t:96,ffffff,005DAA,Kentucky Wildcats,Wildcats,https://a.espncdn.com/i/teamlogos/ncaa/500/96.png,Kentucky,96,UK,kentucky-wildcats,22-61,36.1,0-10,0.0,20-33,60.6,54,21,33,0,5,4,3,21,0,21,0,0,0,15,6.0,AWAY,257,Richmond,Spiders,RICH,401258859,2021,2,2020-11-29
3023,Kentucky,s:40~l:41~t:96,ffffff,005DAA,Kentucky Wildcats,Wildcats,https://a.espncdn.com/i/teamlogos/ncaa/500/96.png,Kentucky,96,UK,kentucky-wildcats,27-62,43.5,5-23,21.7,4-6,66.7,30,10,20,0,14,6,4,11,0,11,0,0,0,16,4.0,AWAY,87,Notre Dame,Fighting Irish,ND,401258860,2021,2,2020-12-12
3024,Kentucky,s:40~l:41~t:96,ffffff,005DAA,Kentucky Wildcats,Wildcats,https://a.espncdn.com/i/teamlogos/ncaa/500/96.png,Kentucky,96,UK,kentucky-wildcats,20-58,34.5,5-17,29.4,14-22,63.6,40,16,24,0,6,7,5,11,0,11,0,0,0,15,4.0,HOME,97,Louisville,Cardinals,LOU,401258861,2021,2,2020-12-26
3049,Tennessee,s:40~l:41~t:2633,ffffff,EE9627,Tennessee Volunteers,Volunteers,https://a.espncdn.com/i/teamlogos/ncaa/500/2633.png,Tennessee,2633,TENN,tennessee-volunteers,19-59,32.2,2-12,16.7,25-30,83.3,45,14,31,0,9,4,4,11,0,11,0,0,0,10,9.0,AWAY,2132,Cincinnati,Bearcats,CIN,401258875,2021,2,2020-12-12
3051,Tennessee,s:40~l:41~t:2633,ffffff,EE9627,Tennessee Volunteers,Volunteers,https://a.espncdn.com/i/teamlogos/ncaa/500/2633.png,Tennessee,2633,TENN,tennessee-volunteers,33-67,49.3,6-18,33.3,7-9,77.8,45,18,27,0,12,13,5,6,0,6,0,0,0,16,42.0,AWAY,2026,Appalachian State,Mountaineers,APP,401258876,2021,2,2020-12-16
3053,Tennessee,s:40~l:41~t:2633,ffffff,EE9627,Tennessee Volunteers,Volunteers,https://a.espncdn.com/i/teamlogos/ncaa/500/2633.png,Tennessee,2633,TENN,tennessee-volunteers,42-72,58.3,9-19,47.4,10-14,71.4,45,12,33,0,28,8,8,7,0,7,0,0,0,10,58.0,AWAY,2635,Tennessee Tech,Golden Eagles,TNTC,401258877,2021,2,2020-12-19
3055,Tennessee,s:40~l:41~t:2633,ffffff,EE9627,Tennessee Volunteers,Volunteers,https://a.espncdn.com/i/teamlogos/ncaa/500/2633.png,Tennessee,2633,TENN,tennessee-volunteers,28-51,54.9,5-17,29.4,19-23,82.6,32,11,21,0,21,9,7,12,0,12,0,0,0,12,22.0,AWAY,2908,South Carolina Upstate,Spartans,SCUP,401258878,2021,2,2020-12-23
3079,Auburn,s:40~l:41~t:2,f1f2f3,03244d,Auburn Tigers,Tigers,https://a.espncdn.com/i/teamlogos/ncaa/500/2.png,Auburn,2,AUB,auburn-tigers,28-49,57.1,7-20,35.0,14-20,70.0,39,9,30,0,19,9,5,18,1,18,0,0,0,19,38.0,AWAY,2653,Troy,Trojans,TROY,401258904,2021,2,2020-12-19
3255,Wisconsin,s:40~l:41~t:275,f7f7f7,A00002,Wisconsin Badgers,Badgers,https://a.espncdn.com/i/teamlogos/ncaa/500/275.png,Wisconsin,275,WISC,wisconsin-badgers,24-57,42.1,7-23,30.4,22-29,75.9,37,8,29,0,16,6,10,7,0,7,0,0,0,15,27.0,AWAY,2197,Eastern Illinois,Panthers,EIU,401259032,2021,2,2020-11-26
3371,Texas Tech,s:40~l:41~t:2641,231f20,C80025,Texas Tech Red Raiders,Red Raiders,https://a.espncdn.com/i/teamlogos/ncaa/500/2641.png,Texas Tech,2641,TTU,texas-tech-red-raiders,38-70,54.3,8-20,40.0,17-26,65.4,51,14,37,0,22,13,2,10,0,10,0,0,0,14,47.0,AWAY,2466,Northwestern State,Demons,NWST,401259558,2021,2,2020-11-26
3373,Texas Tech,s:40~l:41~t:2641,231f20,C80025,Texas Tech Red Raiders,Red Raiders,https://a.espncdn.com/i/teamlogos/ncaa/500/2641.png,Texas Tech,2641,TTU,texas-tech-red-raiders,26-52,50.0,7-17,41.2,25-31,80.6,36,7,29,0,16,6,1,12,0,12,0,0,0,19,38.0,AWAY,2534,Sam Houston State,Bearkats,SHSU,401259559,2021,2,2020-11-27
3374,Texas Tech,s:40~l:41~t:2641,231f20,C80025,Texas Tech Red Raiders,Red Raiders,https://a.espncdn.com/i/teamlogos/ncaa/500/2641.png,Texas Tech,2641,TTU,texas-tech-red-raiders,18-46,39.1,4-18,22.2,13-24,54.2,31,11,20,0,7,3,3,18,0,18,1,1,0,22,0.0,HOME,248,Houston,Cougars,HOU,401259560,2021,2,2020-11-29
3377,Texas Tech,s:40~l:41~t:2641,231f20,C80025,Texas Tech Red Raiders,Red Raiders,https://a.espncdn.com/i/teamlogos/ncaa/500/2641.png,Texas Tech,2641,TTU,texas-tech-red-raiders,26-62,41.9,8-18,44.4,21-27,77.8,38,15,23,0,16,13,7,12,1,12,0,0,0,15,41.0,AWAY,2755,Grambling,Tigers,GRAM,401259561,2021,2,2020-12-06
3379,Texas Tech,s:40~l:41~t:2641,231f20,C80025,Texas Tech Red Raiders,Red Raiders,https://a.espncdn.com/i/teamlogos/ncaa/500/2641.png,Texas Tech,2641,TTU,texas-tech-red-raiders,12-43,27.9,2-15,13.3,25-37,67.6,35,14,21,0,7,9,6,16,0,16,0,0,0,16,14.0,AWAY,2000,Abilene Christian,Wildcats,ACU,401259562,2021,2,2020-12-10
3395,Texas Tech,s:40~l:41~t:2641,231f20,C80025,Texas Tech Red Raiders,Red Raiders,https://a.espncdn.com/i/teamlogos/ncaa/500/2641.png,Texas Tech,2641,TTU,texas-tech-red-raiders,29-66,43.9,6-20,30.0,15-23,65.2,38,17,21,0,17,5,5,7,0,7,0,0,0,15,30.0,AWAY,2916,Incarnate Word,Cardinals,UIW,401259594,2021,2,2020-12-30
3475,Duke,s:40~l:41~t:150,f1f2f3,001A57,Duke Blue Devils,Blue Devils,https://a.espncdn.com/i/teamlogos/ncaa/500/150.png,Duke,150,DUKE,duke-blue-devils,34-64,53.1,9-27,33.3,4-10,40.0,50,14,36,0,20,6,7,22,1,22,0,0,0,19,17.0,AWAY,2154,Coppin State,Eagles,COPP,401259835,2021,2,2020-11-28
3482,Purdue,s:40~l:41~t:2509,a4a9ad,B89D29,Purdue Boilermakers,Boilermakers,https://a.espncdn.com/i/teamlogos/ncaa/500/2509.png,Purdue,2509,PUR,purdue-boilermakers,26-58,44.8,9-21,42.9,9-11,81.8,37,13,24,0,11,4,3,22,1,22,0,0,0,16,1.0,HOME,228,Clemson,Tigers,CLEM,401259846,2021,2,2020-11-27
3488,Villanova,s:40~l:41~t:222,f0f0f0,123d7C,Villanova Wildcats,Wildcats,https://a.espncdn.com/i/teamlogos/ncaa/500/222.png,Villanova,222,VILL,villanova-wildcats,24-55,43.6,6-19,31.6,14-19,73.7,34,8,26,0,9,3,2,10,0,10,0,0,0,14,9.0,HOME,251,Texas,Longhorns,TEX,401259857,2021,2,2020-12-06
3507,Auburn,s:40~l:41~t:2,f1f2f3,03244d,Auburn Tigers,Tigers,https://a.espncdn.com/i/teamlogos/ncaa/500/2.png,Auburn,2,AUB,auburn-tigers,25-52,48.1,11-28,39.3,6-10,60.0,38,11,27,0,17,3,4,13,2,13,1,1,0,17,16.0,AWAY,2026,Appalachian State,Mountaineers,APP,401259885,2021,2,2020-12-22
3509,Purdue,s:40~l:41~t:2509,a4a9ad,B89D29,Purdue Boilermakers,Boilermakers,https://a.espncdn.com/i/teamlogos/ncaa/500/2509.png,Purdue,2509,PUR,purdue-boilermakers,31-53,58.5,9-18,50.0,6-11,54.5,30,5,25,0,20,5,2,16,1,16,0,0,0,18,,AWAY,2335,Liberty,Flames,LIB,401259897,2021,2,2020-11-25
3511,Purdue,s:40~l:41~t:2509,a4a9ad,B89D29,Purdue Boilermakers,Boilermakers,https://a.espncdn.com/i/teamlogos/ncaa/500/2509.png,Purdue,2509,PUR,purdue-boilermakers,19-54,35.2,6-23,26.1,24-37,64.9,34,11,23,0,13,4,1,9,0,9,0,0,0,21,7.0,AWAY,2674,Valparaiso,,VALP,401259898,2021,2,2020-12-05
3532,Kansas,s:40~l:41~t:2305,e8000d,0022B4,Kansas Jayhawks,Jayhawks,https://a.espncdn.com/i/teamlogos/ncaa/500/2305.png,Kansas,2305,KU,kansas-jayhawks,33-62,53.2,8-18,44.4,16-24,66.7,24,5,19,0,10,6,3,15,0,15,0,0,0,19,2.0,HOME,2250,Gonzaga,Bulldogs,GONZ,401260001,2021,2,2020-11-26
3533,Gonzaga,s:40~l:41~t:2250,cfd4d8,002967,Gonzaga Bulldogs,Bulldogs,https://a.espncdn.com/i/teamlogos/ncaa/500/2250.png,Gonzaga,2250,GONZ,gonzaga-bulldogs,40-62,64.5,6-18,33.3,16-20,80.0,33,6,27,0,16,8,0,15,2,15,0,0,0,15,18.0,AWAY,2305,Kansas,Jayhawks,KU,401260001,2021,2,2020-11-26
3534,Auburn,s:40~l:41~t:2,f1f2f3,03244d,Auburn Tigers,Tigers,https://a.espncdn.com/i/teamlogos/ncaa/500/2.png,Auburn,2,AUB,auburn-tigers,29-68,42.6,9-32,28.1,29-43,67.4,56,21,35,0,16,5,5,18,0,18,0,0,0,25,11.0,HOME,2603,Saint Joseph's,Hawks,JOES,401260002,2021,2,2020-11-26
3536,Auburn,s:40~l:41~t:2,f1f2f3,03244d,Auburn Tigers,Tigers,https://a.espncdn.com/i/teamlogos/ncaa/500/2.png,Auburn,2,AUB,auburn-tigers,22-59,37.3,11-35,31.4,12-15,80.0,32,9,23,0,12,9,7,17,0,17,0,0,0,17,0.0,HOME,2250,Gonzaga,Bulldogs,GONZ,401260003,2021,2,2020-11-27
3537,Gonzaga,s:40~l:41~t:2250,cfd4d8,002967,Gonzaga Bulldogs,Bulldogs,https://a.espncdn.com/i/teamlogos/ncaa/500/2250.png,Gonzaga,2250,GONZ,gonzaga-bulldogs,36-68,52.9,6-21,28.6,12-17,70.6,44,13,31,0,19,7,4,14,0,14,0,0,0,17,30.0,AWAY,2,Auburn,Tigers,AUB,401260003,2021,2,2020-11-27
3539,Kansas,s:40~l:41~t:2305,e8000d,0022B4,Kansas Jayhawks,Jayhawks,https://a.espncdn.com/i/teamlogos/ncaa/500/2305.png,Kansas,2305,KU,kansas-jayhawks,32-64,50.0,9-20,45.0,21-28,75.0,51,12,39,0,17,10,4,16,0,16,0,0,0,14,26.0,AWAY,2603,Saint Joseph's,Hawks,JOES,401260004,2021,2,2020-11-27
3541,Duke,s:40~l:41~t:150,f1f2f3,001A57,Duke Blue Devils,Blue Devils,https://a.espncdn.com/i/teamlogos/ncaa/500/150.png,Duke,150,DUKE,duke-blue-devils,20-62,32.3,5-23,21.7,24-30,80.0,40,11,29,0,9,9,2,12,0,12,0,0,0,22,10.0,AWAY,127,Michigan State,Spartans,MSU,401260005,2021,2,2020-12-02
3542,Villanova,s:40~l:41~t:222,f0f0f0,123d7C,Villanova Wildcats,Wildcats,https://a.espncdn.com/i/teamlogos/ncaa/500/222.png,Villanova,222,VILL,villanova-wildcats,30-60,50.0,8-23,34.8,8-12,66.7,34,9,25,0,12,3,3,8,0,8,0,0,0,17,9.0,HOME,103,Boston College,Eagles,BC,401260006,2021,2,2020-11-26
3544,Villanova,s:40~l:41~t:222,f0f0f0,123d7C,Villanova Wildcats,Wildcats,https://a.espncdn.com/i/teamlogos/ncaa/500/222.png,Villanova,222,VILL,villanova-wildcats,28-58,48.3,8-24,33.3,19-27,70.4,43,11,32,0,10,6,0,11,0,11,0,0,0,19,17.0,HOME,9,Arizona State,Sun Devils,ASU,401260008,2021,2,2020-11-27
3557,Purdue,s:40~l:41~t:2509,a4a9ad,B89D29,Purdue Boilermakers,Boilermakers,https://a.espncdn.com/i/teamlogos/ncaa/500/2509.png,Purdue,2509,PUR,purdue-boilermakers,32-65,49.2,14-28,50.0,10-15,66.7,40,12,28,0,20,6,2,6,1,6,0,0,0,18,15.0,AWAY,87,Notre Dame,Fighting Irish,ND,401260040,2021,2,2020-12-19
3590,Duke,s:40~l:41~t:150,f1f2f3,001A57,Duke Blue Devils,Blue Devils,https://a.espncdn.com/i/teamlogos/ncaa/500/150.png,Duke,150,DUKE,duke-blue-devils,31-60,51.7,8-15,53.3,5-5,100.0,33,9,24,0,11,8,2,8,0,8,0,0,0,13,17.0,HOME,87,Notre Dame,Fighting Irish,ND,401260176,2021,2,2020-12-17
3596,North Carolina,s:40~l:41~t:153,13294b,99bfe5,North Carolina Tar Heels,Tar Heels,https://a.espncdn.com/i/teamlogos/ncaa/500/153.png,North Carolina,153,UNC,north-carolina-tar-heels,31-70,44.3,2-12,16.7,12-17,70.6,45,18,27,0,15,8,7,18,0,18,0,0,0,19,2.0,HOME,152,NC State,Wolfpack,NCST,401260181,2021,2,2020-12-23
3607,Duke,s:40~l:41~t:150,f1f2f3,001A57,Duke Blue Devils,Blue Devils,https://a.espncdn.com/i/teamlogos/ncaa/500/150.png,Duke,150,DUKE,duke-blue-devils,31-61,50.8,9-27,33.3,8-10,80.0,35,15,20,0,17,10,4,14,0,14,0,0,0,16,13.0,AWAY,154,Wake Forest,Demon Deacons,WAKE,401260206,2021,2,2021-01-09
3616,North Carolina,s:40~l:41~t:153,13294b,99bfe5,North Carolina Tar Heels,Tar Heels,https://a.espncdn.com/i/teamlogos/ncaa/500/153.png,North Carolina,153,UNC,north-carolina-tar-heels,27-62,43.5,10-24,41.7,11-14,78.6,29,13,16,0,19,9,1,14,0,14,0,0,0,20,4.0,HOME,52,Florida State,Seminoles,FSU,401260220,2021,2,2021-01-16
3628,Duke,s:40~l:41~t:150,f1f2f3,001A57,Duke Blue Devils,Blue Devils,https://a.espncdn.com/i/teamlogos/ncaa/500/150.png,Duke,150,DUKE,duke-blue-devils,25-54,46.3,8-25,32.0,7-9,77.8,26,6,20,0,7,4,1,15,0,15,0,0,0,23,3.0,HOME,97,Louisville,Cardinals,LOU,401260234,2021,2,2021-01-23
3633,North Carolina,s:40~l:41~t:153,13294b,99bfe5,North Carolina Tar Heels,Tar Heels,https://a.espncdn.com/i/teamlogos/ncaa/500/153.png,North Carolina,153,UNC,north-carolina-tar-heels,37-68,54.4,4-11,36.4,8-18,44.4,44,14,30,0,18,6,4,13,0,13,0,0,0,15,14.0,AWAY,152,NC State,Wolfpack,NCST,401260236,2021,2,2021-01-23
3641,Duke,s:40~l:41~t:150,f1f2f3,001A57,Duke Blue Devils,Blue Devils,https://a.espncdn.com/i/teamlogos/ncaa/500/150.png,Duke,150,DUKE,duke-blue-devils,28-61,45.9,10-30,33.3,13-17,76.5,40,12,28,0,20,7,2,9,0,9,0,0,0,13,35.0,AWAY,228,Clemson,Tigers,CLEM,401260247,2021,2,2021-01-30
3650,Duke,s:40~l:41~t:150,f1f2f3,001A57,Duke Blue Devils,Blue Devils,https://a.espncdn.com/i/teamlogos/ncaa/500/150.png,Duke,150,DUKE,duke-blue-devils,29-63,46.0,5-18,27.8,12-13,92.3,32,12,20,0,8,6,6,13,0,13,0,0,0,13,6.0,HOME,2390,Miami,Hurricanes,MIA,401260253,2021,2,2021-02-02
3656,North Carolina,s:40~l:41~t:153,13294b,99bfe5,North Carolina Tar Heels,Tar Heels,https://a.espncdn.com/i/teamlogos/ncaa/500/153.png,North Carolina,153,UNC,north-carolina-tar-heels,34-64,53.1,10-15,66.7,13-22,59.1,38,14,24,0,20,10,3,16,0,16,0,0,0,13,12.0,HOME,150,Duke,Blue Devils,DUKE,401260262,2021,2,2021-02-06
3657,Duke,s:40~l:41~t:150,f1f2f3,001A57,Duke Blue Devils,Blue Devils,https://a.espncdn.com/i/teamlogos/ncaa/500/150.png,Duke,150,DUKE,duke-blue-devils,36-67,53.7,11-25,44.0,4-7,57.1,31,10,21,0,23,10,7,15,0,15,0,0,0,18,3.0,AWAY,153,North Carolina,Tar Heels,UNC,401260262,2021,2,2021-02-06
3666,Duke,s:40~l:41~t:150,f1f2f3,001A57,Duke Blue Devils,Blue Devils,https://a.espncdn.com/i/teamlogos/ncaa/500/150.png,Duke,150,DUKE,duke-blue-devils,24-50,48.0,9-18,50.0,12-17,70.6,29,10,19,0,17,11,6,14,1,14,0,0,0,14,23.0,HOME,152,NC State,Wolfpack,NCST,401260275,2021,2,2021-02-13
3670,North Carolina,s:40~l:41~t:153,13294b,99bfe5,North Carolina Tar Heels,Tar Heels,https://a.espncdn.com/i/teamlogos/ncaa/500/153.png,North Carolina,153,UNC,north-carolina-tar-heels,20-58,34.5,2-16,12.5,6-12,50.0,41,12,29,0,11,6,2,8,1,8,0,0,0,18,2.0,HOME,258,Virginia,Cavaliers,UVA,401260278,2021,2,2021-02-13
3677,Duke,s:40~l:41~t:150,f1f2f3,001A57,Duke Blue Devils,Blue Devils,https://a.espncdn.com/i/teamlogos/ncaa/500/150.png,Duke,150,DUKE,duke-blue-devils,26-51,51.0,9-23,39.1,5-9,55.6,22,4,18,0,16,7,7,10,1,10,0,0,0,14,6.0,AWAY,258,Virginia,Cavaliers,UVA,401260289,2021,2,2021-02-21
3681,North Carolina,s:40~l:41~t:153,13294b,99bfe5,North Carolina Tar Heels,Tar Heels,https://a.espncdn.com/i/teamlogos/ncaa/500/153.png,North Carolina,153,UNC,north-carolina-tar-heels,42-69,60.9,8-18,44.4,7-18,38.9,45,16,29,0,29,11,8,11,0,11,0,0,0,13,49.0,AWAY,97,Louisville,Cardinals,LOU,401260292,2021,2,2021-02-20
3685,Duke,s:40~l:41~t:150,f1f2f3,001A57,Duke Blue Devils,Blue Devils,https://a.espncdn.com/i/teamlogos/ncaa/500/150.png,Duke,150,DUKE,duke-blue-devils,34-64,53.1,13-29,44.8,4-7,57.1,39,14,25,0,27,5,9,14,1,14,0,0,0,12,24.0,AWAY,183,Syracuse,Orange,SYR,401260295,2021,2,2021-02-23
3691,Duke,s:40~l:41~t:150,f1f2f3,001A57,Duke Blue Devils,Blue Devils,https://a.espncdn.com/i/teamlogos/ncaa/500/150.png,Duke,150,DUKE,duke-blue-devils,26-58,44.8,4-21,19.0,17-23,73.9,33,7,26,0,17,7,5,12,0,12,0,0,0,20,4.0,AWAY,97,Louisville,Cardinals,LOU,401260304,2021,2,2021-02-27
3693,North Carolina,s:40~l:41~t:153,13294b,99bfe5,North Carolina Tar Heels,Tar Heels,https://a.espncdn.com/i/teamlogos/ncaa/500/153.png,North Carolina,153,UNC,north-carolina-tar-heels,23-60,38.3,5-23,21.7,27-30,90.0,44,20,24,0,11,11,9,21,0,21,0,0,0,18,8.0,AWAY,52,Florida State,Seminoles,FSU,401260305,2021,2,2021-02-27
3700,North Carolina,s:40~l:41~t:153,13294b,99bfe5,North Carolina Tar Heels,Tar Heels,https://a.espncdn.com/i/teamlogos/ncaa/500/153.png,North Carolina,153,UNC,north-carolina-tar-heels,26-68,38.2,4-20,20.0,14-22,63.6,53,26,27,0,16,6,1,20,0,20,0,0,0,16,9.0,HOME,183,Syracuse,Orange,SYR,401260309,2021,2,2021-03-02
3706,Duke,s:40~l:41~t:150,f1f2f3,001A57,Duke Blue Devils,Blue Devils,https://a.espncdn.com/i/teamlogos/ncaa/500/150.png,Duke,150,DUKE,duke-blue-devils,28-69,40.6,5-27,18.5,12-16,75.0,31,12,19,0,16,13,3,15,2,15,0,0,0,22,0.0,HOME,153,North Carolina,Tar Heels,UNC,401260322,2021,2,2021-03-06
3707,North Carolina,s:40~l:41~t:153,13294b,99bfe5,North Carolina Tar Heels,Tar Heels,https://a.espncdn.com/i/teamlogos/ncaa/500/153.png,North Carolina,153,UNC,north-carolina-tar-heels,31-56,55.4,8-18,44.4,21-26,80.8,38,8,30,0,21,2,11,20,0,20,0,0,0,15,24.0,AWAY,150,Duke,Blue Devils,DUKE,401260322,2021,2,2021-03-06
4024,Auburn,s:40~l:41~t:2,f1f2f3,03244d,Auburn Tigers,Tigers,https://a.espncdn.com/i/teamlogos/ncaa/500/2.png,Auburn,2,AUB,auburn-tigers,20-62,32.3,7-34,20.6,8-22,36.4,48,19,29,0,12,8,5,22,1,22,0,0,0,20,0.0,HOME,2116,UCF,Knights,UCF,401261567,2021,2,2020-12-01
4027,Michigan,s:40~l:41~t:130,00274c,00274c,Michigan Wolverines,Wolverines,https://a.espncdn.com/i/teamlogos/ncaa/500/130.png,Michigan,130,MICH,michigan-wolverines,32-65,49.2,9-27,33.3,7-8,87.5,44,14,30,0,18,3,4,10,0,10,0,0,0,14,32.0,AWAY,2116,UCF,Knights,UCF,401261568,2021,2,2020-12-06
4073,Gonzaga,s:40~l:41~t:2250,cfd4d8,002967,Gonzaga Bulldogs,Bulldogs,https://a.espncdn.com/i/teamlogos/ncaa/500/2250.png,Gonzaga,2250,GONZ,gonzaga-bulldogs,33-60,55.0,8-21,38.1,21-28,75.0,46,18,28,0,23,10,3,14,0,14,0,0,0,12,38.0,AWAY,2466,Northwestern State,Demons,NWST,401261645,2021,2,2020-12-22
4097,Auburn,s:40~l:41~t:2,f1f2f3,03244d,Auburn Tigers,Tigers,https://a.espncdn.com/i/teamlogos/ncaa/500/2.png,Auburn,2,AUB,auburn-tigers,30-54,55.6,22-41,53.7,8-14,57.1,34,9,25,0,24,6,4,18,1,18,0,0,0,15,22.0,AWAY,6,South Alabama,Jaguars,USA,401261660,2021,2,2020-12-05
4325,Michigan,s:40~l:41~t:130,00274c,00274c,Michigan Wolverines,Wolverines,https://a.espncdn.com/i/teamlogos/ncaa/500/130.png,Michigan,130,MICH,michigan-wolverines,33-61,54.1,10-27,37.0,20-26,76.9,44,10,34,0,23,3,3,10,0,10,0,0,0,16,19.0,AWAY,189,Bowling Green,Falcons,BGSU,401262142,2021,2,2020-11-25
4523,Baylor,s:40~l:41~t:239,ffb81c,004834,Baylor Bears,Bears,https://a.espncdn.com/i/teamlogos/ncaa/500/239.png,Baylor,239,BAY,baylor-bears,30-66,45.5,7-18,38.9,15-24,62.5,38,16,22,0,14,7,4,7,0,7,0,0,0,16,16.0,AWAY,356,Illinois,Fighting Illini,ILL,401262279,2021,2,2020-12-03
4527,Purdue,s:40~l:41~t:2509,a4a9ad,B89D29,Purdue Boilermakers,Boilermakers,https://a.espncdn.com/i/teamlogos/ncaa/500/2509.png,Purdue,2509,PUR,purdue-boilermakers,33-60,55.0,17-32,53.1,10-11,90.9,40,13,27,0,27,4,1,12,0,12,0,0,0,14,46.0,AWAY,2473,Oakland,Golden Grizzlies,OAK,401262283,2021,2,2020-12-01
4643,Michigan,s:40~l:41~t:130,00274c,00274c,Michigan Wolverines,Wolverines,https://a.espncdn.com/i/teamlogos/ncaa/500/130.png,Michigan,130,MICH,michigan-wolverines,29-62,46.8,8-27,29.6,15-22,68.2,45,10,35,0,24,7,5,20,0,20,0,0,0,20,10.0,AWAY,2473,Oakland,Golden Grizzlies,OAK,401262491,2021,2,2020-11-29
4939,Auburn,s:40~l:41~t:2,f1f2f3,03244d,Auburn Tigers,Tigers,https://a.espncdn.com/i/teamlogos/ncaa/500/2.png,Auburn,2,AUB,auburn-tigers,27-60,45.0,6-24,25.0,14-26,53.8,37,13,24,0,12,4,3,17,0,17,1,1,0,18,5.0,AWAY,235,Memphis,Tigers,MEM,401263119,2021,2,2020-12-12
4946,Purdue,s:40~l:41~t:2509,a4a9ad,B89D29,Purdue Boilermakers,Boilermakers,https://a.espncdn.com/i/teamlogos/ncaa/500/2509.png,Purdue,2509,PUR,purdue-boilermakers,22-56,39.3,7-16,43.8,7-12,58.3,33,6,27,0,11,3,4,14,0,14,0,0,0,20,5.0,HOME,356,Illinois,Fighting Illini,ILL,401263307,2021,2,2021-01-02
4952,Purdue,s:40~l:41~t:2509,a4a9ad,B89D29,Purdue Boilermakers,Boilermakers,https://a.espncdn.com/i/teamlogos/ncaa/500/2509.png,Purdue,2509,PUR,purdue-boilermakers,19-56,33.9,3-24,12.5,14-19,73.7,37,16,21,0,9,2,3,14,3,14,1,1,0,21,1.0,HOME,127,Michigan State,Spartans,MSU,401263310,2021,2,2021-01-09
4956,Wisconsin,s:40~l:41~t:275,f7f7f7,A00002,Wisconsin Badgers,Badgers,https://a.espncdn.com/i/teamlogos/ncaa/500/275.png,Wisconsin,275,WISC,wisconsin-badgers,22-56,39.3,10-26,38.5,7-7,100.0,38,7,31,0,11,4,2,12,0,12,0,0,0,15,18.0,HOME,120,Maryland,Terrapins,MD,401263313,2021,2,2021-01-28
4959,Purdue,s:40~l:41~t:2509,a4a9ad,B89D29,Purdue Boilermakers,Boilermakers,https://a.espncdn.com/i/teamlogos/ncaa/500/2509.png,Purdue,2509,PUR,purdue-boilermakers,27-57,47.4,8-15,53.3,19-24,79.2,44,17,27,0,11,8,2,10,0,10,0,0,0,18,19.0,AWAY,135,Minnesota,Golden Gophers,MINN,401263316,2021,2,2021-01-31
4974,Wisconsin,s:40~l:41~t:275,f7f7f7,A00002,Wisconsin Badgers,Badgers,https://a.espncdn.com/i/teamlogos/ncaa/500/275.png,Wisconsin,275,WISC,wisconsin-badgers,28-60,46.7,9-24,37.5,8-8,100.0,28,6,22,0,16,7,2,7,1,7,0,0,0,21,4.0,HOME,2294,Iowa,Hawkeyes,IOWA,401263324,2021,2,2021-03-07
4976,Michigan,s:40~l:41~t:130,00274c,00274c,Michigan Wolverines,Wolverines,https://a.espncdn.com/i/teamlogos/ncaa/500/130.png,Michigan,130,MICH,michigan-wolverines,25-60,41.7,7-22,31.8,7-11,63.6,32,9,23,0,17,2,2,8,0,8,0,0,0,15,4.0,HOME,127,Michigan State,Spartans,MSU,401263325,2021,2,2021-03-07
4979,Michigan,s:40~l:41~t:130,00274c,00274c,Michigan Wolverines,Wolverines,https://a.espncdn.com/i/teamlogos/ncaa/500/130.png,Michigan,130,MICH,michigan-wolverines,20-45,44.4,5-14,35.7,17-20,85.0,36,4,32,0,13,0,8,16,1,16,0,0,0,16,15.0,AWAY,213,Penn State,Nittany Lions,PSU,401263326,2021,2,2020-12-13
4985,Purdue,s:40~l:41~t:2509,a4a9ad,B89D29,Purdue Boilermakers,Boilermakers,https://a.espncdn.com/i/teamlogos/ncaa/500/2509.png,Purdue,2509,PUR,purdue-boilermakers,25-53,47.2,6-20,30.0,11-13,84.6,36,9,27,0,16,9,3,16,1,16,0,0,0,19,14.0,AWAY,194,Ohio State,Buckeyes,OSU,401263329,2021,2,2020-12-17
4987,Wisconsin,s:40~l:41~t:275,f7f7f7,A00002,Wisconsin Badgers,Badgers,https://a.espncdn.com/i/teamlogos/ncaa/500/275.png,Wisconsin,275,WISC,wisconsin-badgers,22-55,40.0,8-26,30.8,15-15,100.0,40,6,34,0,14,0,1,11,0,11,0,0,0,12,18.0,AWAY,158,Nebraska,Cornhuskers,NEB,401263330,2021,2,2020-12-23
4988,Purdue,s:40~l:41~t:2509,a4a9ad,B89D29,Purdue Boilermakers,Boilermakers,https://a.espncdn.com/i/teamlogos/ncaa/500/2509.png,Purdue,2509,PUR,purdue-boilermakers,23-58,39.7,8-25,32.0,1-3,33.3,35,9,26,0,17,6,3,14,0,14,0,0,0,16,5.0,HOME,2294,Iowa,Hawkeyes,IOWA,401263331,2021,2,2020-12-23
4996,Wisconsin,s:40~l:41~t:275,f7f7f7,A00002,Wisconsin Badgers,Badgers,https://a.espncdn.com/i/teamlogos/ncaa/500/275.png,Wisconsin,275,WISC,wisconsin-badgers,27-51,52.9,8-19,42.1,23-30,76.7,28,5,23,0,18,7,4,7,1,7,0,0,0,16,9.0,HOME,127,Michigan State,Spartans,MSU,401263335,2021,2,2020-12-25
5000,Michigan,s:40~l:41~t:130,00274c,00274c,Michigan Wolverines,Wolverines,https://a.espncdn.com/i/teamlogos/ncaa/500/130.png,Michigan,130,MICH,michigan-wolverines,30-59,50.8,9-27,33.3,11-14,78.6,43,8,35,0,16,6,2,15,0,15,1,1,0,16,13.0,HOME,158,Nebraska,Cornhuskers,NEB,401263337,2021,2,2020-12-25
5003,Purdue,s:40~l:41~t:2509,a4a9ad,B89D29,Purdue Boilermakers,Boilermakers,https://a.espncdn.com/i/teamlogos/ncaa/500/2509.png,Purdue,2509,PUR,purdue-boilermakers,26-57,45.6,10-22,45.5,11-17,64.7,41,10,31,0,16,3,3,10,1,10,0,0,0,18,15.0,AWAY,120,Maryland,Terrapins,MD,401263338,2021,2,2020-12-25
5011,Wisconsin,s:40~l:41~t:275,f7f7f7,A00002,Wisconsin Badgers,Badgers,https://a.espncdn.com/i/teamlogos/ncaa/500/275.png,Wisconsin,275,WISC,wisconsin-badgers,24-55,43.6,8-21,38.1,8-15,53.3,29,7,22,0,12,3,1,7,1,7,0,0,0,15,8.0,AWAY,120,Maryland,Terrapins,MD,401263342,2021,2,2020-12-29
5014,Purdue,s:40~l:41~t:2509,a4a9ad,B89D29,Purdue Boilermakers,Boilermakers,https://a.espncdn.com/i/teamlogos/ncaa/500/2509.png,Purdue,2509,PUR,purdue-boilermakers,29-59,49.2,7-26,26.9,11-14,78.6,33,9,24,0,14,2,2,8,0,8,0,0,0,15,5.0,HOME,164,Rutgers,Scarlet Knights,RUTG,401263344,2021,2,2020-12-30
5020,Michigan,s:40~l:41~t:130,00274c,00274c,Michigan Wolverines,Wolverines,https://a.espncdn.com/i/teamlogos/ncaa/500/130.png,Michigan,130,MICH,michigan-wolverines,30-51,58.8,6-19,31.6,18-20,90.0,29,5,24,0,15,5,6,12,0,12,2,2,0,10,19.0,HOME,120,Maryland,Terrapins,MD,401263347,2021,2,2021-01-01
5023,Wisconsin,s:40~l:41~t:275,f7f7f7,A00002,Wisconsin Badgers,Badgers,https://a.espncdn.com/i/teamlogos/ncaa/500/275.png,Wisconsin,275,WISC,wisconsin-badgers,30-59,50.8,6-15,40.0,5-8,62.5,36,8,28,0,12,3,3,9,0,9,0,0,0,15,26.0,AWAY,135,Minnesota,Golden Gophers,MINN,401263348,2021,2,2020-12-31
5028,Purdue,s:40~l:41~t:2509,a4a9ad,B89D29,Purdue Boilermakers,Boilermakers,https://a.espncdn.com/i/teamlogos/ncaa/500/2509.png,Purdue,2509,PUR,purdue-boilermakers,27-62,43.5,2-17,11.8,12-16,75.0,38,14,24,0,15,6,5,10,1,10,0,0,0,14,6.0,HOME,135,Minnesota,Golden Gophers,MINN,401263352,2021,2,2021-02-11
5030,Wisconsin,s:40~l:41~t:275,f7f7f7,A00002,Wisconsin Badgers,Badgers,https://a.espncdn.com/i/teamlogos/ncaa/500/275.png,Wisconsin,275,WISC,wisconsin-badgers,20-62,32.3,9-32,28.1,12-17,70.6,38,10,28,0,12,9,3,8,1,8,0,0,0,16,16.0,HOME,158,Nebraska,Cornhuskers,NEB,401263353,2021,2,2021-02-11
5042,Michigan,s:40~l:41~t:130,00274c,00274c,Michigan Wolverines,Wolverines,https://a.espncdn.com/i/teamlogos/ncaa/500/130.png,Michigan,130,MICH,michigan-wolverines,24-59,40.7,7-17,41.2,12-16,75.0,36,11,25,0,11,5,6,6,1,6,1,1,0,10,8.0,HOME,275,Wisconsin,Badgers,WISC,401263359,2021,2,2021-02-14
5043,Wisconsin,s:40~l:41~t:275,f7f7f7,A00002,Wisconsin Badgers,Badgers,https://a.espncdn.com/i/teamlogos/ncaa/500/275.png,Wisconsin,275,WISC,wisconsin-badgers,21-54,38.9,6-19,31.6,11-12,91.7,32,7,25,0,11,5,5,10,1,10,0,0,0,18,14.0,AWAY,130,Michigan,Wolverines,MICH,401263359,2021,2,2021-02-14
5047,Purdue,s:40~l:41~t:2509,a4a9ad,B89D29,Purdue Boilermakers,Boilermakers,https://a.espncdn.com/i/teamlogos/ncaa/500/2509.png,Purdue,2509,PUR,purdue-boilermakers,28-57,49.1,3-12,25.0,16-24,66.7,28,8,20,0,12,6,6,7,1,7,0,0,0,20,12.0,AWAY,127,Michigan State,Spartans,MSU,401263361,2021,2,2021-02-17
5049,Michigan,s:40~l:41~t:130,00274c,00274c,Michigan Wolverines,Wolverines,https://a.espncdn.com/i/teamlogos/ncaa/500/130.png,Michigan,130,MICH,michigan-wolverines,24-52,46.2,6-15,40.0,17-23,73.9,40,9,31,0,12,2,4,11,0,11,0,0,0,17,17.0,AWAY,164,Rutgers,Scarlet Knights,RUTG,401263362,2021,2,2021-02-19
5053,Wisconsin,s:40~l:41~t:275,f7f7f7,A00002,Wisconsin Badgers,Badgers,https://a.espncdn.com/i/teamlogos/ncaa/500/275.png,Wisconsin,275,WISC,wisconsin-badgers,21-70,30.0,13-34,38.2,7-12,58.3,37,17,20,0,13,3,4,5,0,5,0,0,0,19,3.0,AWAY,2294,Iowa,Hawkeyes,IOWA,401263364,2021,2,2021-02-19
5056,Purdue,s:40~l:41~t:2509,a4a9ad,B89D29,Purdue Boilermakers,Boilermakers,https://a.espncdn.com/i/teamlogos/ncaa/500/2509.png,Purdue,2509,PUR,purdue-boilermakers,22-50,44.0,4-17,23.5,12-15,80.0,33,10,23,0,9,3,1,15,1,15,0,0,0,15,7.0,HOME,120,Maryland,Terrapins,MD,401263366,2021,2,2021-02-02
5059,Wisconsin,s:40~l:41~t:275,f7f7f7,A00002,Wisconsin Badgers,Badgers,https://a.espncdn.com/i/teamlogos/ncaa/500/275.png,Wisconsin,275,WISC,wisconsin-badgers,25-52,48.1,9-18,50.0,13-16,81.3,36,12,24,0,16,8,1,15,0,15,0,0,0,13,21.0,AWAY,213,Penn State,Nittany Lions,PSU,401263367,2021,2,2021-02-03
5064,Purdue,s:40~l:41~t:2509,a4a9ad,B89D29,Purdue Boilermakers,Boilermakers,https://a.espncdn.com/i/teamlogos/ncaa/500/2509.png,Purdue,2509,PUR,purdue-boilermakers,30-64,46.9,10-32,31.3,5-10,50.0,48,11,37,0,16,8,4,14,1,14,0,0,0,15,18.0,HOME,158,Nebraska,Cornhuskers,NEB,401263370,2021,2,2021-02-20
5068,Wisconsin,s:40~l:41~t:275,f7f7f7,A00002,Wisconsin Badgers,Badgers,https://a.espncdn.com/i/teamlogos/ncaa/500/275.png,Wisconsin,275,WISC,wisconsin-badgers,23-57,40.4,9-26,34.6,13-15,86.7,36,9,27,0,17,10,3,8,0,8,0,0,0,10,19.0,HOME,77,Northwestern,Wildcats,NW,401263372,2021,2,2021-02-22
5070,Michigan,s:40~l:41~t:130,00274c,00274c,Michigan Wolverines,Wolverines,https://a.espncdn.com/i/teamlogos/ncaa/500/130.png,Michigan,130,MICH,michigan-wolverines,31-58,53.4,11-23,47.8,19-24,79.2,30,10,20,0,19,1,2,7,0,7,0,0,0,13,9.0,HOME,194,Ohio State,Buckeyes,OSU,401263373,2021,2,2021-02-21
5076,Michigan,s:40~l:41~t:130,00274c,00274c,Michigan Wolverines,Wolverines,https://a.espncdn.com/i/teamlogos/ncaa/500/130.png,Michigan,130,MICH,michigan-wolverines,24-53,45.3,8-21,38.1,17-19,89.5,37,9,28,0,8,8,3,11,0,11,0,0,0,15,18.0,HOME,84,Indiana,Hoosiers,IU,401263376,2021,2,2021-02-27
5081,Wisconsin,s:40~l:41~t:275,f7f7f7,A00002,Wisconsin Badgers,Badgers,https://a.espncdn.com/i/teamlogos/ncaa/500/275.png,Wisconsin,275,WISC,wisconsin-badgers,24-69,34.8,10-31,32.3,11-15,73.3,30,11,19,0,10,13,3,8,1,8,1,1,0,19,0.0,AWAY,356,Illinois,Fighting Illini,ILL,401263378,2021,2,2021-02-27
5094,Wisconsin,s:40~l:41~t:275,f7f7f7,A00002,Wisconsin Badgers,Badgers,https://a.espncdn.com/i/teamlogos/ncaa/500/275.png,Wisconsin,275,WISC,wisconsin-badgers,25-60,41.7,4-24,16.7,6-11,54.5,19,2,17,0,6,10,4,11,0,11,0,0,0,16,2.0,HOME,356,Illinois,Fighting Illini,ILL,401263386,2021,2,2021-02-06
5097,Purdue,s:40~l:41~t:2509,a4a9ad,B89D29,Purdue Boilermakers,Boilermakers,https://a.espncdn.com/i/teamlogos/ncaa/500/2509.png,Purdue,2509,PUR,purdue-boilermakers,22-54,40.7,8-23,34.8,23-24,95.8,34,8,26,0,14,10,4,12,3,12,0,0,0,15,13.0,AWAY,77,Northwestern,Wildcats,NW,401263388,2021,2,2021-02-06
5106,Wisconsin,s:40~l:41~t:275,f7f7f7,A00002,Wisconsin Badgers,Badgers,https://a.espncdn.com/i/teamlogos/ncaa/500/275.png,Wisconsin,275,WISC,wisconsin-badgers,20-65,30.8,9-28,32.1,5-6,83.3,34,12,22,0,8,4,2,10,0,10,0,0,0,6,1.0,HOME,130,Michigan,Wolverines,MICH,401263393,2021,2,2021-01-13
5107,Michigan,s:40~l:41~t:130,00274c,00274c,Michigan Wolverines,Wolverines,https://a.espncdn.com/i/teamlogos/ncaa/500/130.png,Michigan,130,MICH,michigan-wolverines,32-62,51.6,9-16,56.3,4-4,100.0,42,8,34,0,13,6,9,8,0,8,0,0,0,9,40.0,AWAY,275,Wisconsin,Badgers,WISC,401263393,2021,2,2021-01-13
5108,Purdue,s:40~l:41~t:2509,a4a9ad,B89D29,Purdue Boilermakers,Boilermakers,https://a.espncdn.com/i/teamlogos/ncaa/500/2509.png,Purdue,2509,PUR,purdue-boilermakers,25-47,53.2,11-17,64.7,20-31,64.5,38,7,31,0,15,3,1,14,0,14,1,1,0,24,12.0,HOME,84,Indiana,Hoosiers,IU,401263395,2021,2,2021-01-15
5110,Wisconsin,s:40~l:41~t:275,f7f7f7,A00002,Wisconsin Badgers,Badgers,https://a.espncdn.com/i/teamlogos/ncaa/500/275.png,Wisconsin,275,WISC,wisconsin-badgers,19-54,35.2,6-25,24.0,16-21,76.2,35,8,27,0,10,10,9,9,0,9,0,0,0,17,10.0,HOME,164,Rutgers,Scarlet Knights,RUTG,401263397,2021,2,2021-01-16
5114,Michigan,s:40~l:41~t:130,00274c,00274c,Michigan Wolverines,Wolverines,https://a.espncdn.com/i/teamlogos/ncaa/500/130.png,Michigan,130,MICH,michigan-wolverines,22-56,39.3,6-22,27.3,7-14,50.0,39,12,27,0,16,4,1,20,1,20,0,0,0,15,0.0,HOME,135,Minnesota,Golden Gophers,MINN,401263400,2021,2,2021-01-16
5117,Purdue,s:40~l:41~t:2509,a4a9ad,B89D29,Purdue Boilermakers,Boilermakers,https://a.espncdn.com/i/teamlogos/ncaa/500/2509.png,Purdue,2509,PUR,purdue-boilermakers,25-62,40.3,6-32,18.8,24-33,72.7,47,14,33,0,12,5,7,12,1,12,0,0,0,16,17.0,AWAY,213,Penn State,Nittany Lions,PSU,401263402,2021,2,2021-01-17
5119,Michigan,s:40~l:41~t:130,00274c,00274c,Michigan Wolverines,Wolverines,https://a.espncdn.com/i/teamlogos/ncaa/500/130.png,Michigan,130,MICH,michigan-wolverines,29-56,51.8,12-24,50.0,17-22,77.3,36,7,29,0,20,6,5,10,1,10,1,1,0,22,25.0,AWAY,120,Maryland,Terrapins,MD,401263403,2021,2,2021-01-20
5124,Michigan,s:40~l:41~t:130,00274c,00274c,Michigan Wolverines,Wolverines,https://a.espncdn.com/i/teamlogos/ncaa/500/130.png,Michigan,130,MICH,michigan-wolverines,24-55,43.6,6-15,40.0,14-17,82.4,39,10,29,0,14,6,5,14,0,14,0,0,0,18,17.0,HOME,2509,Purdue,Boilermakers,PUR,401263407,2021,2,2021-01-23
5125,Purdue,s:40~l:41~t:2509,a4a9ad,B89D29,Purdue Boilermakers,Boilermakers,https://a.espncdn.com/i/teamlogos/ncaa/500/2509.png,Purdue,2509,PUR,purdue-boilermakers,20-65,30.8,2-12,16.7,11-15,73.3,41,20,21,0,11,6,6,14,0,14,0,0,0,16,0.0,AWAY,130,Michigan,Wolverines,MICH,401263407,2021,2,2021-01-23
5131,Wisconsin,s:40~l:41~t:275,f7f7f7,A00002,Wisconsin Badgers,Badgers,https://a.espncdn.com/i/teamlogos/ncaa/500/275.png,Wisconsin,275,WISC,wisconsin-badgers,23-57,40.4,7-28,25.0,9-15,60.0,30,7,23,0,14,7,4,10,1,10,0,0,0,19,0.0,AWAY,194,Ohio State,Buckeyes,OSU,401263411,2021,2,2021-01-23
5134,Purdue,s:40~l:41~t:2509,a4a9ad,B89D29,Purdue Boilermakers,Boilermakers,https://a.espncdn.com/i/teamlogos/ncaa/500/2509.png,Purdue,2509,PUR,purdue-boilermakers,26-54,48.1,5-20,25.0,10-17,58.8,38,9,29,0,4,5,1,10,0,10,0,0,0,18,4.0,HOME,194,Ohio State,Buckeyes,OSU,401263414,2021,2,2021-01-19
5137,Wisconsin,s:40~l:41~t:275,f7f7f7,A00002,Wisconsin Badgers,Badgers,https://a.espncdn.com/i/teamlogos/ncaa/500/275.png,Wisconsin,275,WISC,wisconsin-badgers,24-55,43.6,10-27,37.0,10-11,90.9,34,6,28,0,14,5,2,8,0,8,0,0,0,13,21.0,AWAY,77,Northwestern,Wildcats,NW,401263415,2021,2,2021-01-21
5143,Michigan,s:40~l:41~t:130,00274c,00274c,Michigan Wolverines,Wolverines,https://a.espncdn.com/i/teamlogos/ncaa/500/130.png,Michigan,130,MICH,michigan-wolverines,32-64,50.0,12-27,44.4,9-14,64.3,42,12,30,0,22,4,8,12,1,12,1,1,0,15,29.0,AWAY,77,Northwestern,Wildcats,NW,401263418,2021,2,2021-01-04
5155,Michigan,s:40~l:41~t:130,00274c,00274c,Michigan Wolverines,Wolverines,https://a.espncdn.com/i/teamlogos/ncaa/500/130.png,Michigan,130,MICH,michigan-wolverines,33-58,56.9,4-13,30.8,12-15,80.0,40,10,30,0,17,4,4,13,0,13,0,0,0,10,37.0,AWAY,135,Minnesota,Golden Gophers,MINN,401263426,2021,2,2021-01-07
5161,Wisconsin,s:40~l:41~t:275,f7f7f7,A00002,Wisconsin Badgers,Badgers,https://a.espncdn.com/i/teamlogos/ncaa/500/275.png,Wisconsin,275,WISC,wisconsin-badgers,28-66,42.4,8-19,42.1,16-20,80.0,39,9,30,0,14,10,0,7,0,7,0,0,0,14,12.0,AWAY,84,Indiana,Hoosiers,IU,401263430,2021,2,2021-01-08
5164,Wisconsin,s:40~l:41~t:275,f7f7f7,A00002,Wisconsin Badgers,Badgers,https://a.espncdn.com/i/teamlogos/ncaa/500/275.png,Wisconsin,275,WISC,wisconsin-badgers,23-57,40.4,7-29,24.1,16-21,76.2,27,10,17,0,11,1,5,6,0,6,0,0,0,21,8.0,HOME,2509,Purdue,Boilermakers,PUR,401263433,2021,2,2021-03-03
5165,Purdue,s:40~l:41~t:2509,a4a9ad,B89D29,Purdue Boilermakers,Boilermakers,https://a.espncdn.com/i/teamlogos/ncaa/500/2509.png,Purdue,2509,PUR,purdue-boilermakers,24-50,48.0,5-14,35.7,20-26,76.9,37,11,26,0,18,3,3,10,0,10,0,0,0,19,7.0,AWAY,275,Wisconsin,Badgers,WISC,401263433,2021,2,2021-03-03
5171,Michigan,s:40~l:41~t:130,00274c,00274c,Michigan Wolverines,Wolverines,https://a.espncdn.com/i/teamlogos/ncaa/500/130.png,Michigan,130,MICH,michigan-wolverines,33-70,47.1,8-17,47.1,5-6,83.3,41,12,29,0,13,5,2,7,1,7,0,0,0,13,22.0,AWAY,2294,Iowa,Hawkeyes,IOWA,401263436,2021,2,2021-02-26
5175,Purdue,s:40~l:41~t:2509,a4a9ad,B89D29,Purdue Boilermakers,Boilermakers,https://a.espncdn.com/i/teamlogos/ncaa/500/2509.png,Purdue,2509,PUR,purdue-boilermakers,23-48,47.9,6-21,28.6,15-19,78.9,37,8,29,0,13,6,2,15,0,15,0,0,0,18,12.0,AWAY,84,Indiana,Hoosiers,IU,401263438,2021,2,2021-03-06
5181,Michigan,s:40~l:41~t:130,00274c,00274c,Michigan Wolverines,Wolverines,https://a.espncdn.com/i/teamlogos/ncaa/500/130.png,Michigan,130,MICH,michigan-wolverines,33-59,55.9,4-15,26.7,14-19,73.7,41,9,32,0,12,4,4,13,1,13,0,0,0,18,25.0,AWAY,2050,Ball State,Cardinals,BALL,401263444,2021,2,2020-12-03
5203,Wisconsin,s:40~l:41~t:275,f7f7f7,A00002,Wisconsin Badgers,Badgers,https://a.espncdn.com/i/teamlogos/ncaa/500/275.png,Wisconsin,275,WISC,wisconsin-badgers,31-59,52.5,10-19,52.6,20-27,74.1,37,7,30,0,17,9,7,7,0,7,0,0,0,19,40.0,AWAY,2029,Arkansas-Pine Bluff,Golden Lions,UAPB,401263459,2021,2,2020-11-28
5205,Wisconsin,s:40~l:41~t:275,f7f7f7,A00002,Wisconsin Badgers,Badgers,https://a.espncdn.com/i/teamlogos/ncaa/500/275.png,Wisconsin,275,WISC,wisconsin-badgers,34-61,55.7,9-20,45.0,5-6,83.3,45,9,36,0,18,4,7,10,0,10,0,0,0,15,43.0,AWAY,2739,Green Bay,Phoenix,GB,401263460,2021,2,2020-12-01
5371,Auburn,s:40~l:41~t:2,f1f2f3,03244d,Auburn Tigers,Tigers,https://a.espncdn.com/i/teamlogos/ncaa/500/2.png,Auburn,2,AUB,auburn-tigers,28-61,45.9,4-23,17.4,20-32,62.5,37,15,22,0,9,8,6,9,1,9,0,0,0,11,17.0,AWAY,2640,Texas Southern,Tigers,TXSO,401264400,2021,2,2020-12-16
5433,Kansas,s:40~l:41~t:2305,e8000d,0022B4,Kansas Jayhawks,Jayhawks,https://a.espncdn.com/i/teamlogos/ncaa/500/2305.png,Kansas,2305,KU,kansas-jayhawks,32-61,52.5,13-26,50.0,12-18,66.7,46,14,32,0,15,10,5,13,0,13,0,0,0,10,35.0,AWAY,2687,Washburn,Ichabods,WASH,401264484,2021,2,2020-12-04
5528,North Carolina,s:40~l:41~t:153,13294b,99bfe5,North Carolina Tar Heels,Tar Heels,https://a.espncdn.com/i/teamlogos/ncaa/500/153.png,North Carolina,153,UNC,north-carolina-tar-heels,25-56,44.6,8-20,40.0,9-14,64.3,37,10,27,0,17,7,2,18,0,18,0,0,0,19,8.0,HOME,59,Georgia Tech,Yellow Jackets,GT,401265053,2021,2,2020-12-31
5534,North Carolina,s:40~l:41~t:153,13294b,99bfe5,North Carolina Tar Heels,Tar Heels,https://a.espncdn.com/i/teamlogos/ncaa/500/153.png,North Carolina,153,UNC,north-carolina-tar-heels,21-61,34.4,9-20,45.0,16-22,72.7,45,14,31,0,13,9,6,20,0,20,0,0,0,23,6.0,HOME,2390,Miami,Hurricanes,MIA,401265057,2021,2,2021-01-06
5537,Duke,s:40~l:41~t:150,f1f2f3,001A57,Duke Blue Devils,Blue Devils,https://a.espncdn.com/i/teamlogos/ncaa/500/150.png,Duke,150,DUKE,duke-blue-devils,30-67,44.8,8-22,36.4,15-25,60.0,36,19,17,0,16,14,4,13,0,13,0,0,0,17,4.0,AWAY,103,Boston College,Eagles,BC,401265058,2021,2,2021-01-07
5544,Duke,s:40~l:41~t:150,f1f2f3,001A57,Duke Blue Devils,Blue Devils,https://a.espncdn.com/i/teamlogos/ncaa/500/150.png,Duke,150,DUKE,duke-blue-devils,24-60,40.0,8-29,27.6,11-15,73.3,33,9,24,0,11,6,5,12,1,12,2,2,0,20,0.0,HOME,259,Virginia Tech,Hokies,VT,401265066,2021,2,2021-01-13
5552,Duke,s:40~l:41~t:150,f1f2f3,001A57,Duke Blue Devils,Blue Devils,https://a.espncdn.com/i/teamlogos/ncaa/500/150.png,Duke,150,DUKE,duke-blue-devils,27-70,38.6,8-28,28.6,11-19,57.9,43,15,28,0,20,8,5,11,0,11,0,0,0,24,1.0,HOME,221,Pittsburgh,Panthers,PITT,401265070,2021,2,2021-01-20
5559,North Carolina,s:40~l:41~t:153,13294b,99bfe5,North Carolina Tar Heels,Tar Heels,https://a.espncdn.com/i/teamlogos/ncaa/500/153.png,North Carolina,153,UNC,north-carolina-tar-heels,29-62,46.8,3-9,33.3,19-27,70.4,38,10,28,0,18,12,3,12,0,12,0,0,0,19,12.0,AWAY,154,Wake Forest,Demon Deacons,WAKE,401265074,2021,2,2021-01-21
5560,North Carolina,s:40~l:41~t:153,13294b,99bfe5,North Carolina Tar Heels,Tar Heels,https://a.espncdn.com/i/teamlogos/ncaa/500/153.png,North Carolina,153,UNC,north-carolina-tar-heels,32-61,52.5,4-17,23.5,7-14,50.0,37,14,23,0,22,6,6,13,2,13,0,0,0,15,16.0,HOME,221,Pittsburgh,Panthers,PITT,401265077,2021,2,2021-01-27
5563,Duke,s:40~l:41~t:150,f1f2f3,001A57,Duke Blue Devils,Blue Devils,https://a.espncdn.com/i/teamlogos/ncaa/500/150.png,Duke,150,DUKE,duke-blue-devils,26-58,44.8,5-16,31.3,18-22,81.8,43,11,32,0,16,8,3,14,1,14,0,0,0,10,11.0,AWAY,59,Georgia Tech,Yellow Jackets,GT,401265078,2021,2,2021-01-27
5570,North Carolina,s:40~l:41~t:153,13294b,99bfe5,North Carolina Tar Heels,Tar Heels,https://a.espncdn.com/i/teamlogos/ncaa/500/153.png,North Carolina,153,UNC,north-carolina-tar-heels,17-44,38.6,5-19,26.3,11-21,52.4,38,7,31,0,8,4,0,17,0,17,0,0,0,16,2.0,HOME,228,Clemson,Tigers,CLEM,401265082,2021,2,2021-02-03
5579,Duke,s:40~l:41~t:150,f1f2f3,001A57,Duke Blue Devils,Blue Devils,https://a.espncdn.com/i/teamlogos/ncaa/500/150.png,Duke,150,DUKE,duke-blue-devils,36-69,52.2,10-22,45.5,7-8,87.5,35,13,22,0,16,7,4,12,0,12,0,0,0,19,15.0,AWAY,87,Notre Dame,Fighting Irish,ND,401265089,2021,2,2021-02-09
5586,Duke,s:40~l:41~t:150,f1f2f3,001A57,Duke Blue Devils,Blue Devils,https://a.espncdn.com/i/teamlogos/ncaa/500/150.png,Duke,150,DUKE,duke-blue-devils,33-61,54.1,11-25,44.0,7-13,53.8,37,11,26,0,17,5,4,6,0,6,0,0,0,15,29.0,HOME,154,Wake Forest,Demon Deacons,WAKE,401265097,2021,2,2021-02-18
5602,Duke,s:40~l:41~t:150,f1f2f3,001A57,Duke Blue Devils,Blue Devils,https://a.espncdn.com/i/teamlogos/ncaa/500/150.png,Duke,150,DUKE,duke-blue-devils,30-68,44.1,7-26,26.9,10-17,58.8,36,11,25,0,19,9,3,14,1,14,0,0,0,20,6.0,HOME,59,Georgia Tech,Yellow Jackets,GT,401265107,2021,2,2021-03-03
5831,Gonzaga,s:40~l:41~t:2250,cfd4d8,002967,Gonzaga Bulldogs,Bulldogs,https://a.espncdn.com/i/teamlogos/ncaa/500/2250.png,Gonzaga,2250,GONZ,gonzaga-bulldogs,34-69,49.3,4-16,25.0,15-21,71.4,36,10,26,0,22,9,3,11,0,11,0,0,0,25,9.0,AWAY,277,West Virginia,Mountaineers,WVU,401265679,2021,2,2020-12-03
5845,Baylor,s:40~l:41~t:239,ffb81c,004834,Baylor Bears,Bears,https://a.espncdn.com/i/teamlogos/ncaa/500/239.png,Baylor,239,BAY,baylor-bears,45-80,56.3,15-27,55.6,7-13,53.8,41,15,26,0,25,12,1,10,0,10,1,1,0,15,33.0,AWAY,309,Louisiana,Ragin' Cajuns,ULL,401265777,2021,2,2020-11-29
5847,Baylor,s:40~l:41~t:239,ffb81c,004834,Baylor Bears,Bears,https://a.espncdn.com/i/teamlogos/ncaa/500/239.png,Baylor,239,BAY,baylor-bears,34-67,50.7,13-29,44.8,5-11,45.5,50,21,29,0,21,3,6,16,0,16,0,0,0,14,37.0,AWAY,264,Washington,Huskies,WASH,401265778,2021,2,2020-11-29
5874,Villanova,s:40~l:41~t:222,f0f0f0,123d7C,Villanova Wildcats,Wildcats,https://a.espncdn.com/i/teamlogos/ncaa/500/222.png,Villanova,222,VILL,villanova-wildcats,34-65,52.3,15-37,40.5,4-4,100.0,39,11,28,0,21,4,3,8,0,8,0,0,0,16,36.0,HOME,42,Hartford,Hawks,HART,401266133,2021,2,2020-12-01
5961,Texas Tech,s:40~l:41~t:2641,231f20,C80025,Texas Tech Red Raiders,Red Raiders,https://a.espncdn.com/i/teamlogos/ncaa/500/2641.png,Texas Tech,2641,TTU,texas-tech-red-raiders,28-51,54.9,11-19,57.9,13-22,59.1,31,9,22,0,20,8,8,13,0,13,0,0,0,21,37.0,AWAY,2653,Troy,Trojans,TROY,401266749,2021,2,2020-12-05
6215,Tennessee,s:40~l:41~t:2633,ffffff,EE9627,Tennessee Volunteers,Volunteers,https://a.espncdn.com/i/teamlogos/ncaa/500/2633.png,Tennessee,2633,TENN,tennessee-volunteers,19-53,35.8,7-19,36.8,11-15,73.3,33,11,22,0,12,12,1,16,0,16,0,0,0,15,16.0,AWAY,38,Colorado,Buffaloes,COLO,401267863,2021,2,2020-12-08
6230,Purdue,s:40~l:41~t:2509,a4a9ad,B89D29,Purdue Boilermakers,Boilermakers,https://a.espncdn.com/i/teamlogos/ncaa/500/2509.png,Purdue,2509,PUR,purdue-boilermakers,27-52,51.9,7-19,36.8,12-17,70.6,41,6,35,0,13,8,6,13,0,13,0,0,0,18,22.0,HOME,213,Penn State,Nittany Lions,PSU,401268054,2021,2,2021-02-27
6249,Wisconsin,s:40~l:41~t:275,f7f7f7,A00002,Wisconsin Badgers,Badgers,https://a.espncdn.com/i/teamlogos/ncaa/500/275.png,Wisconsin,275,WISC,wisconsin-badgers,20-52,38.5,7-22,31.8,26-36,72.2,31,7,24,0,9,5,5,9,0,9,0,0,0,22,22.0,AWAY,227,Rhode Island,Rams,URI,401268090,2021,2,2020-12-09
6259,Baylor,s:40~l:41~t:239,ffb81c,004834,Baylor Bears,Bears,https://a.espncdn.com/i/teamlogos/ncaa/500/239.png,Baylor,239,BAY,baylor-bears,25-51,49.0,9-20,45.0,24-27,88.9,28,7,21,0,20,14,4,20,0,20,0,0,0,22,37.0,AWAY,2617,Stephen F. Austin,Lumberjacks,SFA,401268224,2021,2,2020-12-10
6287,Michigan,s:40~l:41~t:130,00274c,00274c,Michigan Wolverines,Wolverines,https://a.espncdn.com/i/teamlogos/ncaa/500/130.png,Michigan,130,MICH,michigan-wolverines,34-59,57.6,9-16,56.3,14-18,77.8,35,9,26,0,20,7,9,8,0,8,1,1,0,14,26.0,AWAY,2649,Toledo,Rockets,TOL,401268513,2021,2,2020-12-09
6307,North Carolina,s:40~l:41~t:153,13294b,99bfe5,North Carolina Tar Heels,Tar Heels,https://a.espncdn.com/i/teamlogos/ncaa/500/153.png,North Carolina,153,UNC,north-carolina-tar-heels,23-50,46.0,2-15,13.3,25-31,80.6,37,11,26,0,13,7,6,18,0,18,0,0,0,15,16.0,AWAY,2428,North Carolina Central,Eagles,NCCU,401268610,2021,2,2020-12-12
6363,Tennessee,s:40~l:41~t:2633,ffffff,EE9627,Tennessee Volunteers,Volunteers,https://a.espncdn.com/i/teamlogos/ncaa/500/2633.png,Tennessee,2633,TENN,tennessee-volunteers,31-62,50.0,10-24,41.7,30-37,81.1,45,13,32,0,23,7,5,10,0,10,0,0,0,22,38.0,AWAY,2603,Saint Joseph's,Hawks,JOES,401268966,2021,2,2020-12-21
6407,Wisconsin,s:40~l:41~t:275,f7f7f7,A00002,Wisconsin Badgers,Badgers,https://a.espncdn.com/i/teamlogos/ncaa/500/275.png,Wisconsin,275,WISC,wisconsin-badgers,25-57,43.9,10-18,55.6,17-23,73.9,32,6,26,0,11,4,3,4,0,4,0,0,0,16,18.0,AWAY,2350,Loyola Chicago,Ramblers,LUC,401269392,2021,2,2020-12-16
6453,Villanova,s:40~l:41~t:222,f0f0f0,123d7C,Villanova Wildcats,Wildcats,https://a.espncdn.com/i/teamlogos/ncaa/500/222.png,Villanova,222,VILL,villanova-wildcats,26-55,47.3,9-22,40.9,15-20,75.0,27,6,21,0,15,5,0,9,1,9,0,0,0,18,9.0,AWAY,2550,Seton Hall,Pirates,HALL,401269617,2021,2,2021-01-20
6461,Villanova,s:40~l:41~t:222,f0f0f0,123d7C,Villanova Wildcats,Wildcats,https://a.espncdn.com/i/teamlogos/ncaa/500/222.png,Villanova,222,VILL,villanova-wildcats,24-63,38.1,7-25,28.0,16-22,72.7,41,14,27,0,19,6,3,9,0,9,0,0,0,13,18.0,AWAY,2507,Providence,Friars,PROV,401269624,2021,2,2021-01-23
6474,Villanova,s:40~l:41~t:222,f0f0f0,123d7C,Villanova Wildcats,Wildcats,https://a.espncdn.com/i/teamlogos/ncaa/500/222.png,Villanova,222,VILL,villanova-wildcats,25-54,46.3,10-22,45.5,20-23,87.0,31,9,22,0,15,7,0,11,2,11,0,0,0,12,16.0,HOME,2550,Seton Hall,Pirates,HALL,401269633,2021,2,2021-01-30
6482,Villanova,s:40~l:41~t:222,f0f0f0,123d7C,Villanova Wildcats,Wildcats,https://a.espncdn.com/i/teamlogos/ncaa/500/222.png,Villanova,222,VILL,villanova-wildcats,20-62,32.3,8-30,26.7,11-13,84.6,42,15,27,0,13,7,0,17,2,17,0,0,0,12,8.0,HOME,2599,St. John's,Red Storm,SJU,401269638,2021,2,2021-02-04
6490,Villanova,s:40~l:41~t:222,f0f0f0,123d7C,Villanova Wildcats,Wildcats,https://a.espncdn.com/i/teamlogos/ncaa/500/222.png,Villanova,222,VILL,villanova-wildcats,24-64,37.5,10-32,31.3,12-13,92.3,31,13,18,0,14,6,3,7,0,7,0,0,0,14,4.0,HOME,156,Creighton,Bluejays,CREI,401269644,2021,2,2021-02-13
6511,Villanova,s:40~l:41~t:222,f0f0f0,123d7C,Villanova Wildcats,Wildcats,https://a.espncdn.com/i/teamlogos/ncaa/500/222.png,Villanova,222,VILL,villanova-wildcats,22-53,41.5,5-22,22.7,19-26,73.1,38,10,28,0,10,7,1,8,0,8,0,0,0,16,10.0,AWAY,41,UConn,Huskies,CONN,401269655,2021,2,2021-02-20
6522,Villanova,s:40~l:41~t:222,f0f0f0,123d7C,Villanova Wildcats,Wildcats,https://a.espncdn.com/i/teamlogos/ncaa/500/222.png,Villanova,222,VILL,villanova-wildcats,24-65,36.9,2-27,7.4,11-12,91.7,35,12,23,0,6,2,1,8,0,8,0,0,0,14,3.0,HOME,2086,Butler,Bulldogs,BUT,401269661,2021,2,2021-02-28
6533,Villanova,s:40~l:41~t:222,f0f0f0,123d7C,Villanova Wildcats,Wildcats,https://a.espncdn.com/i/teamlogos/ncaa/500/222.png,Villanova,222,VILL,villanova-wildcats,28-58,48.3,9-26,34.6,7-8,87.5,38,6,32,0,21,7,1,9,0,9,0,0,0,11,22.0,AWAY,156,Creighton,Bluejays,CREI,401269666,2021,2,2021-03-04
6534,Villanova,s:40~l:41~t:222,f0f0f0,123d7C,Villanova Wildcats,Wildcats,https://a.espncdn.com/i/teamlogos/ncaa/500/222.png,Villanova,222,VILL,villanova-wildcats,17-52,32.7,4-18,22.2,14-23,60.9,37,9,28,0,8,6,3,8,1,8,0,0,0,12,2.0,HOME,2507,Providence,Friars,PROV,401269667,2021,2,2021-03-06
6549,Wisconsin,s:40~l:41~t:275,f7f7f7,A00002,Wisconsin Badgers,Badgers,https://a.espncdn.com/i/teamlogos/ncaa/500/275.png,Wisconsin,275,WISC,wisconsin-badgers,31-57,54.4,16-25,64.0,7-11,63.6,30,7,23,0,22,9,3,10,1,10,0,0,0,15,42.0,AWAY,97,Louisville,Cardinals,LOU,401269680,2021,2,2020-12-19
6656,North Carolina,s:40~l:41~t:153,13294b,99bfe5,North Carolina Tar Heels,Tar Heels,https://a.espncdn.com/i/teamlogos/ncaa/500/153.png,North Carolina,153,UNC,north-carolina-tar-heels,26-61,42.6,5-20,25.0,18-29,62.1,38,15,23,0,14,2,3,11,1,11,0,0,0,25,12.0,HOME,96,Kentucky,Wildcats,UK,401270409,2021,2,2020-12-19
6657,Kentucky,s:40~l:41~t:96,ffffff,005DAA,Kentucky Wildcats,Wildcats,https://a.espncdn.com/i/teamlogos/ncaa/500/96.png,Kentucky,96,UK,kentucky-wildcats,21-53,39.6,3-13,23.1,18-30,60.0,42,14,28,0,8,5,4,16,0,16,0,0,0,30,11.0,AWAY,153,North Carolina,Tar Heels,UNC,401270409,2021,2,2020-12-19
6669,Gonzaga,s:40~l:41~t:2250,cfd4d8,002967,Gonzaga Bulldogs,Bulldogs,https://a.espncdn.com/i/teamlogos/ncaa/500/2250.png,Gonzaga,2250,GONZ,gonzaga-bulldogs,35-58,60.3,10-20,50.0,18-23,78.3,31,8,23,0,26,8,2,7,0,7,0,0,0,17,33.0,AWAY,258,Virginia,Cavaliers,UVA,401270544,2021,2,2020-12-26
6675,Villanova,s:40~l:41~t:222,f0f0f0,123d7C,Villanova Wildcats,Wildcats,https://a.espncdn.com/i/teamlogos/ncaa/500/222.png,Villanova,222,VILL,villanova-wildcats,32-64,50.0,9-25,36.0,15-18,83.3,37,11,26,0,21,6,2,9,1,9,0,0,0,11,27.0,AWAY,2603,Saint Joseph's,Hawks,JOES,401270594,2021,2,2020-12-20
6745,Gonzaga,s:40~l:41~t:2250,cfd4d8,002967,Gonzaga Bulldogs,Bulldogs,https://a.espncdn.com/i/teamlogos/ncaa/500/2250.png,Gonzaga,2250,GONZ,gonzaga-bulldogs,39-67,58.2,4-18,22.2,13-20,65.0,37,8,29,0,20,13,7,11,0,11,1,1,0,9,26.0,AWAY,2466,Northwestern State,Demons,NWST,401271433,2021,2,2020-12-23
6747,Gonzaga,s:40~l:41~t:2250,cfd4d8,002967,Gonzaga Bulldogs,Bulldogs,https://a.espncdn.com/i/teamlogos/ncaa/500/2250.png,Gonzaga,2250,GONZ,gonzaga-bulldogs,32-64,50.0,7-28,25.0,17-27,63.0,44,16,28,0,15,8,4,7,0,7,1,1,0,18,38.0,AWAY,2464,Northern Arizona,Lumberjacks,NAU,401271434,2021,2,2020-12-29
6787,Villanova,s:40~l:41~t:222,f0f0f0,123d7C,Villanova Wildcats,Wildcats,https://a.espncdn.com/i/teamlogos/ncaa/500/222.png,Villanova,222,VILL,villanova-wildcats,29-60,48.3,11-26,42.3,12-20,60.0,41,8,33,0,20,10,1,15,2,15,0,0,0,20,26.0,AWAY,2599,St. John's,Red Storm,SJU,401272048,2021,2,2021-02-24
6813,Baylor,s:40~l:41~t:239,ffb81c,004834,Baylor Bears,Bears,https://a.espncdn.com/i/teamlogos/ncaa/500/239.png,Baylor,239,BAY,baylor-bears,34-63,54.0,12-28,42.9,25-31,80.6,37,18,19,0,23,10,5,12,0,12,0,0,0,23,44.0,AWAY,2016,Alcorn State,Braves,ALCN,401274073,2021,2,2020-12-30
6827,North Carolina,s:40~l:41~t:153,13294b,99bfe5,North Carolina Tar Heels,Tar Heels,https://a.espncdn.com/i/teamlogos/ncaa/500/153.png,North Carolina,153,UNC,north-carolina-tar-heels,24-69,34.8,8-23,34.8,10-14,71.4,49,22,27,0,15,4,2,9,0,9,0,0,0,10,3.0,AWAY,87,Notre Dame,Fighting Irish,ND,401274413,2021,2,2021-01-02
6855,Gonzaga,s:40~l:41~t:2250,cfd4d8,002967,Gonzaga Bulldogs,Bulldogs,https://a.espncdn.com/i/teamlogos/ncaa/500/2250.png,Gonzaga,2250,GONZ,gonzaga-bulldogs,32-65,49.2,7-20,35.0,15-20,75.0,33,9,24,0,19,10,2,8,0,8,0,0,0,20,32.0,AWAY,252,BYU,Cougars,BYU,401275290,2021,2,2021-01-08
6919,North Carolina,s:40~l:41~t:153,13294b,99bfe5,North Carolina Tar Heels,Tar Heels,https://a.espncdn.com/i/teamlogos/ncaa/500/153.png,North Carolina,153,UNC,north-carolina-tar-heels,29-73,39.7,5-24,20.8,18-23,78.3,48,24,24,0,18,7,6,11,1,11,0,0,0,17,10.0,AWAY,183,Syracuse,Orange,SYR,401276235,2021,2,2021-01-13
6982,Wisconsin,s:40~l:41~t:275,f7f7f7,A00002,Wisconsin Badgers,Badgers,https://a.espncdn.com/i/teamlogos/ncaa/500/275.png,Wisconsin,275,WISC,wisconsin-badgers,29-66,43.9,7-28,25.0,6-8,75.0,39,10,29,0,14,2,5,12,0,12,0,0,0,21,7.0,HOME,213,Penn State,Nittany Lions,PSU,401276828,2021,2,2021-01-30
7117,Kansas,s:40~l:41~t:2305,e8000d,0022B4,Kansas Jayhawks,Jayhawks,https://a.espncdn.com/i/teamlogos/ncaa/500/2305.png,Kansas,2305,KU,kansas-jayhawks,38-72,52.8,12-26,46.2,9-14,64.3,44,11,33,0,17,9,5,7,0,7,0,0,0,12,34.0,AWAY,66,Iowa State,Cyclones,ISU,401278974,2021,2,2021-02-12
7347,Villanova,s:40~l:41~t:222,f0f0f0,123d7C,Villanova Wildcats,Wildcats,https://a.espncdn.com/i/teamlogos/ncaa/500/222.png,Villanova,222,VILL,villanova-wildcats,34-54,63.0,13-22,59.1,15-16,93.8,24,6,18,0,25,9,1,9,0,9,0,0,0,14,33.0,AWAY,269,Marquette,Golden Eagles,MARQ,401284704,2021,2,2021-02-11
7349,Villanova,s:40~l:41~t:222,f0f0f0,123d7C,Villanova Wildcats,Wildcats,https://a.espncdn.com/i/teamlogos/ncaa/500/222.png,Villanova,222,VILL,villanova-wildcats,27-55,49.1,13-26,50.0,17-18,94.4,26,11,15,0,21,6,2,12,2,12,0,0,0,12,10.0,AWAY,46,Georgetown,Hoyas,GTWN,401284721,2021,2,2021-02-07
7356,Gonzaga,s:40~l:41~t:2250,cfd4d8,002967,Gonzaga Bulldogs,Bulldogs,https://a.espncdn.com/i/teamlogos/ncaa/500/2250.png,Gonzaga,2250,GONZ,gonzaga-bulldogs,25-50,50.0,4-17,23.5,22-29,75.9,29,4,25,0,10,6,3,14,0,14,0,0,0,16,18.0,HOME,279,Pacific,Tigers,PAC,401284857,2021,2,2021-02-05
7358,Gonzaga,s:40~l:41~t:2250,cfd4d8,002967,Gonzaga Bulldogs,Bulldogs,https://a.espncdn.com/i/teamlogos/ncaa/500/2250.png,Gonzaga,2250,GONZ,gonzaga-bulldogs,32-63,50.8,6-18,33.3,12-21,57.1,36,9,27,0,14,10,2,12,0,12,0,0,0,16,22.0,HOME,252,BYU,Cougars,BYU,401284858,2021,2,2021-02-09
7411,Tennessee,s:40~l:41~t:2633,ffffff,EE9627,Tennessee Volunteers,Volunteers,https://a.espncdn.com/i/teamlogos/ncaa/500/2633.png,Tennessee,2633,TENN,tennessee-volunteers,27-52,51.9,10-24,41.7,25-29,86.2,31,6,25,0,16,10,4,17,0,17,0,0,0,19,23.0,AWAY,61,Georgia,Bulldogs,UGA,401286591,2021,2,2021-02-11
7749,Kentucky,s:40~l:41~t:96,ffffff,005DAA,Kentucky Wildcats,Wildcats,https://a.espncdn.com/i/teamlogos/ncaa/500/96.png,Kentucky,96,UK,kentucky-wildcats,26-63,41.3,11-28,39.3,10-17,58.8,30,10,20,0,19,5,2,5,0,5,0,0,0,17,5.0,AWAY,344,Mississippi State,Bulldogs,MSST,401287131,2021,2,2021-03-11
7759,Tennessee,s:40~l:41~t:2633,ffffff,EE9627,Tennessee Volunteers,Volunteers,https://a.espncdn.com/i/teamlogos/ncaa/500/2633.png,Tennessee,2633,TENN,tennessee-volunteers,28-60,46.7,9-25,36.0,13-18,72.2,38,12,26,0,21,5,11,13,2,13,1,1,0,18,17.0,AWAY,57,Florida,Gators,FLA,401287156,2021,2,2021-03-12
7764,Tennessee,s:40~l:41~t:2633,ffffff,EE9627,Tennessee Volunteers,Volunteers,https://a.espncdn.com/i/teamlogos/ncaa/500/2633.png,Tennessee,2633,TENN,tennessee-volunteers,25-60,41.7,7-21,33.3,11-14,78.6,37,10,27,0,13,11,8,19,0,19,0,0,0,18,15.0,HOME,333,Alabama,Crimson Tide,ALA,401287159,2021,2,2021-03-13
7791,Gonzaga,s:40~l:41~t:2250,cfd4d8,002967,Gonzaga Bulldogs,Bulldogs,https://a.espncdn.com/i/teamlogos/ncaa/500/2250.png,Gonzaga,2250,GONZ,gonzaga-bulldogs,33-62,53.2,5-15,33.3,7-11,63.6,44,10,34,0,13,6,0,14,1,14,0,0,0,16,30.0,AWAY,2608,Saint Mary's,Gaels,SMC,401287472,2021,2,2021-03-09
7795,Gonzaga,s:40~l:41~t:2250,cfd4d8,002967,Gonzaga Bulldogs,Bulldogs,https://a.espncdn.com/i/teamlogos/ncaa/500/2250.png,Gonzaga,2250,GONZ,gonzaga-bulldogs,29-57,50.9,12-26,46.2,18-27,66.7,36,7,29,0,14,4,2,6,0,6,0,0,0,11,10.0,AWAY,252,BYU,Cougars,BYU,401287736,2021,2,2021-03-10
7889,Michigan,s:40~l:41~t:130,00274c,00274c,Michigan Wolverines,Wolverines,https://a.espncdn.com/i/teamlogos/ncaa/500/130.png,Michigan,130,MICH,michigan-wolverines,20-57,35.1,6-19,31.6,21-23,91.3,36,10,26,0,14,3,5,2,0,2,0,0,0,16,4.0,AWAY,194,Ohio State,Buckeyes,OSU,401296333,2021,2,2021-03-13
7890,Wisconsin,s:40~l:41~t:275,f7f7f7,A00002,Wisconsin Badgers,Badgers,https://a.espncdn.com/i/teamlogos/ncaa/500/275.png,Wisconsin,275,WISC,wisconsin-badgers,22-57,38.6,7-17,41.2,6-6,100.0,35,9,26,0,11,3,4,14,2,14,0,0,0,15,8.0,HOME,2294,Iowa,Hawkeyes,IOWA,401296353,2021,2,2021-03-13
7895,Purdue,s:40~l:41~t:2509,a4a9ad,B89D29,Purdue Boilermakers,Boilermakers,https://a.espncdn.com/i/teamlogos/ncaa/500/2509.png,Purdue,2509,PUR,purdue-boilermakers,27-62,43.5,9-26,34.6,15-27,55.6,35,13,22,0,16,4,7,9,0,9,0,0,0,15,1.0,AWAY,194,Ohio State,Buckeyes,OSU,401296393,2021,2,2021-03-12
7897,Wisconsin,s:40~l:41~t:275,f7f7f7,A00002,Wisconsin Badgers,Badgers,https://a.espncdn.com/i/teamlogos/ncaa/500/275.png,Wisconsin,275,WISC,wisconsin-badgers,25-54,46.3,12-23,52.2,13-15,86.7,25,5,20,0,18,4,4,8,0,8,0,0,0,16,18.0,AWAY,213,Penn State,Nittany Lions,PSU,401296413,2021,2,2021-03-12
7905,Michigan,s:40~l:41~t:130,00274c,00274c,Michigan Wolverines,Wolverines,https://a.espncdn.com/i/teamlogos/ncaa/500/130.png,Michigan,130,MICH,michigan-wolverines,31-60,51.7,10-22,45.5,7-7,100.0,32,9,23,0,21,6,1,8,2,8,2,2,0,8,15.0,AWAY,120,Maryland,Terrapins,MD,401296493,2021,2,2021-03-12
7929,North Carolina,s:40~l:41~t:153,13294b,99bfe5,North Carolina Tar Heels,Tar Heels,https://a.espncdn.com/i/teamlogos/ncaa/500/153.png,North Carolina,153,UNC,north-carolina-tar-heels,32-75,42.7,5-17,29.4,13-16,81.3,48,17,31,0,20,9,2,10,0,10,0,0,0,11,22.0,AWAY,111,Northeastern,Huskies,NE,401297333,2021,2,2021-02-18
7971,Duke,s:40~l:41~t:150,f1f2f3,001A57,Duke Blue Devils,Blue Devils,https://a.espncdn.com/i/teamlogos/ncaa/500/150.png,Duke,150,DUKE,duke-blue-devils,32-61,52.5,15-32,46.9,7-10,70.0,33,13,20,0,22,11,4,12,0,12,0,0,0,16,37.0,AWAY,103,Boston College,Eagles,BC,401300965,2021,2,2021-03-09
7978,Duke,s:40~l:41~t:150,f1f2f3,001A57,Duke Blue Devils,Blue Devils,https://a.espncdn.com/i/teamlogos/ncaa/500/150.png,Duke,150,DUKE,duke-blue-devils,26-58,44.8,6-15,40.0,12-20,60.0,43,12,31,0,11,6,3,10,2,10,0,0,0,14,17.0,HOME,97,Louisville,Cardinals,LOU,401300969,2021,2,2021-03-10
7981,North Carolina,s:40~l:41~t:153,13294b,99bfe5,North Carolina Tar Heels,Tar Heels,https://a.espncdn.com/i/teamlogos/ncaa/500/153.png,North Carolina,153,UNC,north-carolina-tar-heels,39-77,50.6,9-24,37.5,14-18,77.8,54,25,29,0,19,9,12,11,0,11,0,0,0,15,50.0,AWAY,87,Notre Dame,Fighting Irish,ND,401300970,2021,2,2021-03-11
7988,North Carolina,s:40~l:41~t:153,13294b,99bfe5,North Carolina Tar Heels,Tar Heels,https://a.espncdn.com/i/teamlogos/ncaa/500/153.png,North Carolina,153,UNC,north-carolina-tar-heels,28-63,44.4,8-21,38.1,17-27,63.0,43,15,28,0,12,7,7,11,1,11,0,0,0,17,12.0,HOME,259,Virginia Tech,Hokies,VT,401301254,2021,2,2021-03-12
7990,North Carolina,s:40~l:41~t:153,13294b,99bfe5,North Carolina Tar Heels,Tar Heels,https://a.espncdn.com/i/teamlogos/ncaa/500/153.png,North Carolina,153,UNC,north-carolina-tar-heels,23-68,33.8,6-18,33.3,14-25,56.0,42,21,21,0,9,8,4,12,1,12,0,0,0,18,5.0,HOME,52,Florida State,Seminoles,FSU,401301256,2021,2,2021-03-13
8025,Baylor,s:40~l:41~t:239,ffb81c,004834,Baylor Bears,Bears,https://a.espncdn.com/i/teamlogos/ncaa/500/239.png,Baylor,239,BAY,baylor-bears,26-49,53.1,9-22,40.9,13-14,92.9,30,8,22,0,14,8,4,21,0,21,0,0,0,17,12.0,AWAY,2306,Kansas State,Wildcats,KSU,401301730,2021,2,2021-03-11
8027,Kansas,s:40~l:41~t:2305,e8000d,0022B4,Kansas Jayhawks,Jayhawks,https://a.espncdn.com/i/teamlogos/ncaa/500/2305.png,Kansas,2305,KU,kansas-jayhawks,26-56,46.4,8-22,36.4,9-11,81.8,27,5,22,0,13,10,1,12,0,12,0,0,0,10,23.0,AWAY,201,Oklahoma,Sooners,OU,401301731,2021,2,2021-03-11
8028,Texas Tech,s:40~l:41~t:2641,231f20,C80025,Texas Tech Red Raiders,Red Raiders,https://a.espncdn.com/i/teamlogos/ncaa/500/2641.png,Texas Tech,2641,TTU,texas-tech-red-raiders,24-60,40.0,6-17,35.3,12-20,60.0,34,17,17,0,13,13,2,13,0,13,0,0,0,12,10.0,HOME,251,Texas,Longhorns,TEX,401301733,2021,2,2021-03-12
8031,Baylor,s:40~l:41~t:239,ffb81c,004834,Baylor Bears,Bears,https://a.espncdn.com/i/teamlogos/ncaa/500/239.png,Baylor,239,BAY,baylor-bears,29-75,38.7,6-28,21.4,10-13,76.9,41,19,22,0,11,5,4,12,0,12,0,0,0,20,8.0,AWAY,197,Oklahoma State,Cowboys,OKST,401301734,2021,2,2021-03-12
8105,Gonzaga,s:40~l:41~t:2250,cfd4d8,002967,Gonzaga Bulldogs,Bulldogs,https://a.espncdn.com/i/teamlogos/ncaa/500/2250.png,Gonzaga,2250,GONZ,gonzaga-bulldogs,33-64,51.6,7-24,29.2,16-21,76.2,40,10,30,0,21,7,1,16,0,16,0,0,0,17,14.0,AWAY,2541,Santa Clara,Broncos,SCU,401302113,2021,2,2021-02-26
8113,Gonzaga,s:40~l:41~t:2250,cfd4d8,002967,Gonzaga Bulldogs,Bulldogs,https://a.espncdn.com/i/teamlogos/ncaa/500/2250.png,Gonzaga,2250,GONZ,gonzaga-bulldogs,28-48,58.3,9-17,52.9,21-32,65.6,21,2,19,0,17,9,1,11,0,11,0,0,0,18,23.0,AWAY,2351,Loyola Marymount,Lions,LMU,401302193,2021,2,2021-02-28
8143,Michigan,s:40~l:41~t:130,00274c,00274c,Michigan Wolverines,Wolverines,https://a.espncdn.com/i/teamlogos/ncaa/500/130.png,Michigan,130,MICH,michigan-wolverines,17-49,34.7,2-7,28.6,17-24,70.8,26,5,21,0,4,5,4,11,1,11,1,1,0,14,2.0,AWAY,356,Illinois,Fighting Illini,ILL,401302748,2021,2,2021-03-03
8147,Michigan,s:40~l:41~t:130,00274c,00274c,Michigan Wolverines,Wolverines,https://a.espncdn.com/i/teamlogos/ncaa/500/130.png,Michigan,130,MICH,michigan-wolverines,26-52,50.0,7-16,43.8,10-14,71.4,34,7,27,0,9,4,1,14,0,14,0,0,0,20,28.0,AWAY,127,Michigan State,Spartans,MSU,401302750,2021,2,2021-03-05
8159,North Carolina,s:40~l:41~t:153,13294b,99bfe5,North Carolina Tar Heels,Tar Heels,https://a.espncdn.com/i/teamlogos/ncaa/500/153.png,North Carolina,153,UNC,north-carolina-tar-heels,25-60,41.7,5-18,27.8,15-22,68.2,35,13,22,0,13,10,2,19,0,19,0,0,0,20,2.0,AWAY,269,Marquette,Golden Eagles,MARQ,401303033,2021,2,2021-02-25
8258,Baylor,s:40~l:41~t:239,ffb81c,004834,Baylor Bears,Bears,https://a.espncdn.com/i/teamlogos/ncaa/500/239.png,Baylor,239,BAY,baylor-bears,36-70,51.4,13-31,41.9,9-14,64.3,31,14,17,0,16,8,3,14,1,14,0,0,0,22,12.0,HOME,277,West Virginia,Mountaineers,WVU,401306653,2021,2,2021-03-02
8261,Texas Tech,s:40~l:41~t:2641,231f20,C80025,Texas Tech Red Raiders,Red Raiders,https://a.espncdn.com/i/teamlogos/ncaa/500/2641.png,Texas Tech,2641,TTU,texas-tech-red-raiders,29-56,51.8,6-13,46.2,5-10,50.0,33,13,20,0,22,7,4,9,1,9,0,0,0,14,25.0,AWAY,2628,TCU,Horned Frogs,TCU,401306673,2021,2,2021-03-03
8265,Texas Tech,s:40~l:41~t:2641,231f20,C80025,Texas Tech Red Raiders,Red Raiders,https://a.espncdn.com/i/teamlogos/ncaa/500/2641.png,Texas Tech,2641,TTU,texas-tech-red-raiders,29-47,61.7,5-15,33.3,18-25,72.0,34,4,30,0,13,9,4,14,2,14,0,0,0,14,34.0,AWAY,66,Iowa State,Cyclones,ISU,401306713,2021,2,2021-03-05
8267,Baylor,s:40~l:41~t:239,ffb81c,004834,Baylor Bears,Bears,https://a.espncdn.com/i/teamlogos/ncaa/500/239.png,Baylor,239,BAY,baylor-bears,30-59,50.8,9-22,40.9,12-18,66.7,32,12,20,0,20,11,3,14,1,14,0,0,0,14,14.0,AWAY,197,Oklahoma State,Cowboys,OKST,401306733,2021,2,2021-03-05
8276,Texas Tech,s:40~l:41~t:2641,231f20,C80025,Texas Tech Red Raiders,Red Raiders,https://a.espncdn.com/i/teamlogos/ncaa/500/2641.png,Texas Tech,2641,TTU,texas-tech-red-raiders,27-59,45.8,9-18,50.0,10-17,58.8,27,10,17,0,13,5,5,7,0,7,0,0,0,21,0.0,HOME,239,Baylor,Bears,BAY,401306833,2021,2,2021-03-07
8277,Baylor,s:40~l:41~t:239,ffb81c,004834,Baylor Bears,Bears,https://a.espncdn.com/i/teamlogos/ncaa/500/239.png,Baylor,239,BAY,baylor-bears,29-55,52.7,15-24,62.5,15-22,68.2,40,14,26,0,19,4,2,12,0,12,0,0,0,19,22.0,AWAY,2641,Texas Tech,Red Raiders,TTU,401306833,2021,2,2021-03-07
8285,Kansas,s:40~l:41~t:2305,e8000d,0022B4,Kansas Jayhawks,Jayhawks,https://a.espncdn.com/i/teamlogos/ncaa/500/2305.png,Kansas,2305,KU,kansas-jayhawks,23-55,41.8,5-15,33.3,16-24,66.7,34,10,24,0,12,10,4,11,0,11,0,0,0,11,5.0,AWAY,2638,UTEP,Miners,UTEP,401307902,2021,2,2021-03-05
8289,Kentucky,s:40~l:41~t:96,ffffff,005DAA,Kentucky Wildcats,Wildcats,https://a.espncdn.com/i/teamlogos/ncaa/500/96.png,Kentucky,96,UK,kentucky-wildcats,33-67,49.3,13-27,48.1,13-18,72.2,46,13,33,0,17,7,5,17,0,17,0,0,0,17,33.0,AWAY,2579,South Carolina,Gamecocks,SC,401308014,2021,2,2021-03-06
8295,Auburn,s:40~l:41~t:2,f1f2f3,03244d,Auburn Tigers,Tigers,https://a.espncdn.com/i/teamlogos/ncaa/500/2.png,Auburn,2,AUB,auburn-tigers,27-62,43.5,11-33,33.3,13-15,86.7,34,13,21,0,15,3,6,9,0,9,0,0,0,14,9.0,AWAY,344,Mississippi State,Bulldogs,MSST,401308017,2021,2,2021-03-06
8301,Tennessee,s:40~l:41~t:2633,ffffff,EE9627,Tennessee Volunteers,Volunteers,https://a.espncdn.com/i/teamlogos/ncaa/500/2633.png,Tennessee,2633,TENN,tennessee-volunteers,27-62,43.5,3-21,14.3,8-13,61.5,38,18,20,0,13,8,2,13,2,13,0,0,0,14,11.0,AWAY,57,Florida,Gators,FLA,401308020,2021,2,2021-03-07
8311,Villanova,s:40~l:41~t:222,f0f0f0,123d7C,Villanova Wildcats,Wildcats,https://a.espncdn.com/i/teamlogos/ncaa/500/222.png,Villanova,222,VILL,villanova-wildcats,24-55,43.6,9-30,30.0,14-22,63.6,30,9,21,0,13,4,0,6,1,6,0,0,0,21,11.0,AWAY,46,Georgetown,Hoyas,GTWN,401308797,2021,2,2021-03-11
